OrderID;CustomerID;ProductID;OrderDateFixed;Quantity;UnitPrice;DiscountsUsedFixed;DiscountPercent;TotalPriceFix;CampaignID
ORD000334;CUST0188;PRD004;1.7.2024;4;110,52;No;;442,08;No Campaign
ORD001999;CUST0062;PRD027;4.3.2024;2;89,36;No;;178,72;No Campaign
ORD001882;CUST0233;PRD005;21.8.2024;2;114,73;No;;229,46;No Campaign
ORD001679;CUST0063;PRD003;18.12.2024;1;54,5;Yes;20;43,6;CMP007
ORD000593;CUST0220;PRD018;4.1.2024;2;84,8;Yes;20;135,68;No Campaign
ORD001175;CUST0197;PRD034;26.6.2024;2;97,71;No;;195,42;No Campaign
ORD001146;CUST0205;PRD021;17.5.2024;1;144,21;Yes;15;122,58;No Campaign
ORD001951;CUST0108;PRD004;17.5.2024;3;110,52;Yes;20;265,25;No Campaign
ORD002321;CUST0068;PRD019;27.8.2024;1;105,93;Yes;20;84,74;No Campaign
ORD001734;CUST0203;PRD028;25.2.2024;2;114,4;Yes;15;194,48;No Campaign
ORD001646;CUST0117;PRD005;8.3.2024;1;114,73;Yes;15;97,52;CMP008
ORD001863;CUST0074;PRD016;5.11.2024;2;77,06;No;;154,12;No Campaign
ORD001687;CUST0106;PRD019;5.12.2024;1;105,93;No;;105,93;CMP004
ORD001323;CUST0242;PRD044;14.2.2024;1;38,28;No;;38,28;No Campaign
ORD001263;CUST0198;PRD012;10.7.2024;3;67,03;No;;201,09;No Campaign
ORD002277;CUST0051;PRD016;15.9.2024;3;77,06;No;;231,18;No Campaign
ORD000733;CUST0025;PRD020;30.12.2024;2;44,96;No;;89,92;CMP003
ORD001424;CUST0056;PRD022;27.8.2024;2;36,13;Yes;20;57,81;CMP003
ORD000579;CUST0115;PRD035;26.3.2024;4;105,18;No;;420,72;CMP002
ORD000841;CUST0158;PRD012;8.7.2024;1;67,03;No;;67,03;CMP001
ORD001714;CUST0167;PRD008;7.7.2024;1;34,35;Yes;10;30,92;CMP007
ORD000230;CUST0095;PRD053;13.7.2024;1;12,65;No;;12,65;No Campaign
ORD000339;CUST0104;PRD014;8.2.2024;1;19,71;No;;19,71;CMP004
ORD001483;CUST0155;PRD055;4.12.2024;1;146,19;No;;146,19;No Campaign
ORD001656;CUST0053;PRD003;20.10.2024;1;54,5;No;;54,5;No Campaign
ORD001398;CUST0246;PRD031;23.11.2024;1;50,82;Yes;15;43,2;CMP001
ORD000838;CUST0119;PRD006;2.11.2024;1;25,77;Yes;20;20,62;CMP001
ORD002328;CUST0213;PRD002;14.12.2024;4;134,25;Yes;10;483,3;CMP001
ORD000405;CUST0050;PRD003;5.7.2024;1;54,5;Yes;15;46,33;No Campaign
ORD000293;CUST0182;PRD050;28.7.2024;4;31,99;Yes;15;108,77;No Campaign
ORD002226;CUST0218;PRD031;24.11.2024;2;50,82;Yes;15;86,39;No Campaign
ORD002020;CUST0169;PRD004;8.5.2024;2;110,52;No;;221,04;CMP007
ORD000533;CUST0012;PRD042;13.2.2024;2;77,36;No;;154,72;No Campaign
ORD000142;CUST0174;PRD042;16.2.2024;1;77,36;No;;77,36;CMP008
ORD000122;CUST0169;PRD013;30.3.2024;1;46,11;Yes;25;34,58;No Campaign
ORD000799;CUST0103;PRD043;5.9.2024;1;83,38;No;;83,38;No Campaign
ORD002279;CUST0008;PRD003;4.8.2024;1;54,5;Yes;25;40,88;CMP004
ORD001740;CUST0117;PRD024;25.7.2024;2;79,13;Yes;25;118,7;CMP003
ORD000115;CUST0204;PRD031;2.2.2024;1;50,82;Yes;15;43,2;CMP005
ORD001177;CUST0001;PRD025;9.10.2024;1;62,88;Yes;10;56,59;No Campaign
ORD000223;CUST0100;PRD055;3.6.2024;1;146,19;Yes;10;131,57;CMP007
ORD000769;CUST0062;PRD019;13.1.2024;1;105,93;Yes;25;79,45;No Campaign
ORD000728;CUST0096;PRD040;22.1.2024;2;62,21;Yes;10;111,98;CMP007
ORD001142;CUST0166;PRD027;28.5.2024;1;89,36;Yes;30;62,55;CMP008
ORD002171;CUST0017;PRD029;12.8.2024;1;124,45;No;;124,45;CMP006
ORD001623;CUST0120;PRD048;29.7.2024;1;21,47;No;;21,47;No Campaign
ORD000611;CUST0096;PRD013;27.6.2024;2;46,11;No;;92,22;CMP003
ORD001674;CUST0170;PRD035;11.9.2024;2;105,18;No;;210,36;No Campaign
ORD001840;CUST0154;PRD034;16.5.2024;2;97,71;No;;195,42;CMP007
ORD000881;CUST0198;PRD044;23.6.2024;1;38,28;No;;38,28;No Campaign
ORD000439;CUST0095;PRD028;16.1.2024;1;114,4;Yes;15;97,24;CMP005
ORD001718;CUST0242;PRD037;14.10.2024;1;44,58;Yes;20;35,66;CMP004
ORD001192;CUST0163;PRD047;10.12.2024;3;38,8;No;;116,4;CMP002
ORD001129;CUST0014;PRD037;15.9.2024;1;44,58;No;;44,58;No Campaign
ORD001061;CUST0167;PRD012;18.6.2024;3;67,03;No;;201,09;CMP003
ORD001505;CUST0015;PRD051;5.2.2024;1;103,2;No;;103,2;CMP002
ORD000254;CUST0135;PRD014;6.3.2024;2;19,71;Yes;30;27,59;No Campaign
ORD001023;CUST0047;PRD026;26.1.2024;3;140,08;No;;420,24;No Campaign
ORD000022;CUST0135;PRD052;5.7.2024;2;23,84;Yes;15;40,53;CMP002
ORD002261;CUST0120;PRD008;13.4.2024;2;34,35;No;;68,7;CMP008
ORD002080;CUST0072;PRD043;15.4.2024;1;83,38;Yes;10;75,04;CMP007
ORD000765;CUST0183;PRD002;1.2.2024;1;134,25;Yes;20;107,4;CMP008
ORD001663;CUST0006;PRD029;9.8.2024;1;124,45;No;;124,45;CMP003
ORD002302;CUST0021;PRD004;8.12.2024;1;110,52;No;;110,52;CMP004
ORD001185;CUST0254;PRD032;9.7.2024;1;96,29;No;;96,29;CMP004
ORD002341;CUST0166;PRD004;1.12.2024;3;110,52;Yes;10;298,4;No Campaign
ORD001113;CUST0181;PRD023;27.5.2024;1;26,66;No;;26,66;No Campaign
ORD002183;CUST0023;PRD017;11.6.2024;1;94,18;No;;94,18;CMP006
ORD000249;CUST0187;PRD003;22.5.2024;1;54,5;No;;54,5;CMP004
ORD001415;CUST0176;PRD003;9.12.2024;1;54,5;Yes;30;38,15;CMP001
ORD002066;CUST0202;PRD001;8.9.2024;1;88,41;Yes;20;70,73;CMP002
ORD000338;CUST0054;PRD014;25.11.2024;1;19,71;Yes;30;13,8;No Campaign
ORD000890;CUST0251;PRD036;29.7.2024;2;132,58;Yes;25;198,87;No Campaign
ORD001627;CUST0189;PRD020;31.7.2024;1;44,96;No;;44,96;No Campaign
ORD000267;CUST0139;PRD038;2.6.2024;1;73,83;No;;73,83;CMP002
ORD002307;CUST0064;PRD005;24.11.2024;4;114,73;No;;458,92;No Campaign
ORD001462;CUST0122;PRD037;2.6.2024;1;44,58;No;;44,58;CMP007
ORD000581;CUST0239;PRD002;1.11.2024;4;134,25;No;;537;No Campaign
ORD000515;CUST0188;PRD013;30.9.2024;1;46,11;No;;46,11;No Campaign
ORD000076;CUST0081;PRD002;5.7.2024;1;134,25;No;;134,25;No Campaign
ORD000822;CUST0150;PRD026;22.9.2024;3;140,08;No;;420,24;CMP001
ORD000273;CUST0022;PRD035;30.4.2024;1;105,18;No;;105,18;CMP003
ORD000132;CUST0004;PRD039;13.7.2024;1;98,45;No;;98,45;CMP002
ORD000441;CUST0072;PRD037;7.4.2024;1;44,58;No;;44,58;CMP005
ORD000413;CUST0084;PRD031;21.12.2024;1;50,82;No;;50,82;CMP006
ORD000738;CUST0204;PRD002;22.10.2024;2;134,25;No;;268,5;No Campaign
ORD001157;CUST0013;PRD008;25.10.2024;2;34,35;No;;68,7;CMP001
ORD001564;CUST0088;PRD050;7.2.2024;4;31,99;No;;127,96;CMP004
ORD000155;CUST0171;PRD009;8.6.2024;1;82,74;No;;82,74;CMP002
ORD000617;CUST0184;PRD017;18.3.2024;3;94,18;Yes;15;240,16;CMP007
ORD000056;CUST0146;PRD045;26.8.2024;1;12,65;Yes;30;8,86;No Campaign
ORD001324;CUST0045;PRD043;14.9.2024;1;83,38;No;;83,38;CMP001
ORD001375;CUST0142;PRD003;25.9.2024;1;54,5;Yes;10;49,05;No Campaign
ORD001789;CUST0222;PRD013;28.6.2024;1;46,11;Yes;10;41,5;No Campaign
ORD001811;CUST0259;PRD004;19.10.2024;1;110,52;No;;110,52;CMP003
ORD002304;CUST0170;PRD003;2.11.2024;3;54,5;No;;163,5;CMP002
ORD001761;CUST0028;PRD015;8.9.2024;1;111,98;No;;111,98;CMP007
ORD001159;CUST0176;PRD037;25.3.2024;1;44,58;Yes;15;37,89;CMP004
ORD001166;CUST0158;PRD037;21.5.2024;1;44,58;Yes;30;31,21;CMP002
ORD000019;CUST0069;PRD012;10.4.2024;4;67,03;No;;268,12;CMP001
ORD001819;CUST0024;PRD003;17.5.2024;1;54,5;Yes;30;38,15;CMP004
ORD001635;CUST0101;PRD046;25.6.2024;1;74,72;No;;74,72;CMP003
ORD001499;CUST0197;PRD009;30.4.2024;4;82,74;No;;330,96;CMP006
ORD001535;CUST0257;PRD019;9.1.2024;2;105,93;No;;211,86;CMP003
ORD000494;CUST0057;PRD039;1.7.2024;1;98,45;Yes;;98,45;CMP001
ORD000723;CUST0215;PRD013;31.12.2024;1;46,11;No;;46,11;CMP008
ORD001081;CUST0074;PRD049;24.4.2024;1;80,98;Yes;20;64,78;CMP007
ORD000078;CUST0246;PRD006;20.6.2024;1;25,77;No;;25,77;CMP005
ORD002189;CUST0077;PRD052;22.5.2024;1;23,84;No;;23,84;CMP001
ORD001989;CUST0039;PRD011;20.4.2024;1;141,07;No;;141,07;CMP006
ORD000801;CUST0189;PRD006;18.6.2024;1;25,77;No;;25,77;CMP001
ORD002317;CUST0097;PRD052;21.11.2024;4;23,84;Yes;20;76,29;No Campaign
ORD000938;CUST0024;PRD011;8.9.2024;1;141,07;No;;141,07;CMP002
ORD001071;CUST0106;PRD006;22.2.2024;1;25,77;No;;25,77;No Campaign
ORD000203;CUST0113;PRD045;15.7.2024;3;12,65;No;;37,95;No Campaign
ORD001003;CUST0092;PRD027;26.7.2024;1;89,36;Yes;15;75,96;CMP004
ORD000999;CUST0174;PRD051;16.10.2024;4;103,2;No;;412,8;No Campaign
ORD000806;CUST0042;PRD044;11.12.2024;1;38,28;No;;38,28;CMP007
ORD000404;CUST0139;PRD021;5.6.2024;1;144,21;Yes;15;122,58;No Campaign
ORD000861;CUST0161;PRD001;7.10.2024;2;88,41;No;;176,82;CMP002
ORD000768;CUST0116;PRD040;5.1.2024;1;62,21;No;;62,21;CMP004
ORD001144;CUST0058;PRD015;1.1.2024;1;111,98;Yes;15;95,18;No Campaign
ORD001759;CUST0177;PRD029;28.1.2024;2;124,45;Yes;30;174,23;CMP007
ORD000204;CUST0248;PRD023;22.2.2024;1;26,66;No;;26,66;CMP007
ORD001790;CUST0055;PRD033;5.10.2024;2;102,1;No;;204,2;No Campaign
ORD002229;CUST0122;PRD039;26.9.2024;3;98,45;Yes;30;206,75;CMP002
ORD000590;CUST0056;PRD018;13.7.2024;1;84,8;No;;84,8;No Campaign
ORD001102;CUST0184;PRD023;26.5.2024;1;26,66;No;;26,66;CMP001
ORD000151;CUST0060;PRD055;10.5.2024;1;146,19;No;;146,19;CMP003
ORD000944;CUST0090;PRD055;17.11.2024;3;146,19;No;;438,57;No Campaign
ORD000464;CUST0107;PRD043;8.4.2024;1;83,38;No;;83,38;CMP004
ORD000075;CUST0215;PRD012;11.12.2024;1;67,03;Yes;15;56,98;No Campaign
ORD001968;CUST0122;PRD043;5.1.2024;1;83,38;Yes;30;58,37;CMP003
ORD002025;CUST0206;PRD014;10.8.2024;2;19,71;No;;39,42;No Campaign
ORD000208;CUST0007;PRD031;2.8.2024;2;50,82;No;;101,64;No Campaign
ORD000205;CUST0179;PRD050;25.3.2024;1;31,99;No;;31,99;CMP002
ORD001080;CUST0236;PRD022;5.2.2024;4;36,13;No;;144,52;No Campaign
ORD002122;CUST0055;PRD050;28.12.2024;1;31,99;No;;31,99;No Campaign
ORD002342;CUST0188;PRD051;5.3.2024;1;103,2;No;;103,2;No Campaign
ORD002074;CUST0204;PRD053;8.5.2024;1;12,65;No;;12,65;CMP008
ORD002034;CUST0059;PRD038;13.6.2024;2;73,83;No;;147,66;CMP003
ORD000676;CUST0076;PRD039;7.11.2024;1;98,45;No;;98,45;CMP001
ORD000480;CUST0241;PRD050;23.12.2024;1;31,99;No;;31,99;CMP006
ORD001106;CUST0042;PRD052;10.7.2024;1;23,84;No;;23,84;No Campaign
ORD000313;CUST0227;PRD048;1.4.2024;2;21,47;No;;42,94;CMP005
ORD001812;CUST0057;PRD022;7.8.2024;4;36,13;No;;144,52;CMP002
ORD002318;CUST0138;PRD010;24.8.2024;2;92,66;Yes;20;148,26;CMP003
ORD001521;CUST0051;PRD031;24.11.2024;1;50,82;No;;50,82;No Campaign
ORD000783;CUST0248;PRD040;16.4.2024;3;62,21;Yes;;186,63;CMP008
ORD000149;CUST0132;PRD054;1.2.2024;3;108,05;No;;324,15;CMP007
ORD001986;CUST0088;PRD008;17.9.2024;2;34,35;No;;68,7;CMP006
ORD001807;CUST0018;PRD031;8.2.2024;2;50,82;No;;101,64;CMP007
ORD002281;CUST0172;PRD021;22.8.2024;2;144,21;No;;288,42;CMP001
ORD000103;CUST0047;PRD013;7.8.2024;2;46,11;Yes;10;83;CMP006
ORD000172;CUST0260;PRD053;24.12.2024;2;12,65;No;;25,3;No Campaign
ORD001052;CUST0058;PRD040;19.10.2024;2;62,21;Yes;20;99,54;CMP005
ORD000377;CUST0171;PRD020;13.9.2024;1;44,96;No;;44,96;CMP006
ORD002089;CUST0157;PRD010;7.12.2024;3;92,66;Yes;10;250,18;No Campaign
ORD000487;CUST0182;PRD010;12.8.2024;4;92,66;No;;370,64;CMP003
ORD000423;CUST0138;PRD003;1.10.2024;2;54,5;Yes;25;81,75;CMP007
ORD002239;CUST0209;PRD015;12.1.2024;2;111,98;Yes;30;156,77;No Campaign
ORD000457;CUST0121;PRD045;19.11.2024;1;12,65;Yes;20;10,12;CMP006
ORD000227;CUST0088;PRD018;14.8.2024;3;84,8;No;;254,4;CMP001
ORD000125;CUST0245;PRD054;25.2.2024;1;108,05;Yes;15;91,84;No Campaign
ORD000226;CUST0046;PRD021;7.9.2024;2;144,21;No;;288,42;No Campaign
ORD000109;CUST0211;PRD025;14.11.2024;1;62,88;No;;62,88;No Campaign
ORD000474;CUST0066;PRD028;13.4.2024;3;114,4;No;;343,2;No Campaign
ORD001454;CUST0035;PRD041;22.10.2024;1;116,18;No;;116,18;No Campaign
ORD000955;CUST0065;PRD028;6.11.2024;1;114,4;Yes;25;85,8;CMP007
ORD001639;CUST0094;PRD049;8.10.2024;1;80,98;No;;80,98;CMP002
ORD000707;CUST0056;PRD039;12.12.2024;1;98,45;No;;98,45;CMP008
ORD001803;CUST0006;PRD031;2.2.2024;2;50,82;No;;101,64;CMP004
ORD000279;CUST0080;PRD033;4.5.2024;1;102,1;Yes;10;91,89;CMP006
ORD000713;CUST0101;PRD022;5.12.2024;2;36,13;No;;72,26;CMP006
ORD002052;CUST0021;PRD030;15.10.2024;4;94,16;Yes;25;282,48;No Campaign
ORD001881;CUST0156;PRD041;9.8.2024;2;116,18;No;;232,36;No Campaign
ORD000181;CUST0205;PRD008;13.4.2024;1;34,35;Yes;15;29,2;CMP001
ORD000630;CUST0038;PRD031;24.11.2024;1;50,82;No;;50,82;CMP001
ORD002296;CUST0021;PRD002;28.10.2024;1;134,25;No;;134,25;No Campaign
ORD002295;CUST0220;PRD002;27.12.2024;1;134,25;No;;134,25;CMP003
ORD001954;CUST0220;PRD045;31.7.2024;2;12,65;Yes;15;21,51;No Campaign
ORD002215;CUST0051;PRD041;10.9.2024;2;116,18;No;;232,36;No Campaign
ORD000157;CUST0255;PRD053;9.1.2024;1;12,65;No;;12,65;CMP006
ORD000992;CUST0082;PRD032;8.10.2024;4;96,29;No;;385,16;CMP002
ORD000829;CUST0126;PRD042;5.3.2024;1;77,36;No;;77,36;No Campaign
ORD001519;CUST0247;PRD012;14.8.2024;1;67,03;Yes;10;60,33;CMP002
ORD000626;CUST0141;PRD034;7.1.2024;2;97,71;No;;195,42;CMP004
ORD000823;CUST0084;PRD018;21.5.2024;1;84,8;No;;84,8;CMP004
ORD000446;CUST0050;PRD010;24.10.2024;1;92,66;No;;92,66;No Campaign
ORD000682;CUST0089;PRD011;27.11.2024;3;141,07;No;;423,21;No Campaign
ORD002237;CUST0253;PRD040;28.2.2024;1;62,21;Yes;10;55,99;CMP007
ORD001581;CUST0041;PRD003;24.1.2024;1;54,5;Yes;15;46,33;CMP005
ORD001974;CUST0118;PRD039;23.12.2024;1;98,45;No;;98,45;CMP002
ORD001584;CUST0001;PRD040;16.10.2024;1;62,21;No;;62,21;No Campaign
ORD001060;CUST0003;PRD004;25.7.2024;1;110,52;No;;110,52;CMP008
ORD000982;CUST0223;PRD040;6.1.2024;1;62,21;No;;62,21;CMP003
ORD000892;CUST0031;PRD016;13.9.2024;1;77,06;No;;77,06;No Campaign
ORD000373;CUST0236;PRD043;25.11.2024;1;83,38;No;;83,38;CMP007
ORD001096;CUST0139;PRD040;15.10.2024;1;62,21;Yes;30;43,55;CMP004
ORD001787;CUST0091;PRD005;16.10.2024;1;114,73;No;;114,73;CMP004
ORD002282;CUST0135;PRD026;19.2.2024;2;140,08;Yes;20;224,13;CMP006
ORD001510;CUST0004;PRD016;16.12.2024;2;77,06;No;;154,12;CMP005
ORD002035;CUST0150;PRD025;23.9.2024;1;62,88;Yes;30;44,02;CMP002
ORD001055;CUST0019;PRD016;5.11.2024;1;77,06;No;;77,06;No Campaign
ORD000835;CUST0190;PRD040;3.12.2024;1;62,21;No;;62,21;CMP006
ORD002391;CUST0197;PRD047;30.3.2024;1;38,8;No;;38,8;No Campaign
ORD001837;CUST0091;PRD033;17.5.2024;1;102,1;Yes;10;91,89;No Campaign
ORD000509;CUST0176;PRD047;16.9.2024;1;38,8;No;;38,8;No Campaign
ORD001182;CUST0189;PRD008;13.2.2024;1;34,35;No;;34,35;CMP008
ORD000237;CUST0036;PRD033;6.5.2024;1;102,1;Yes;10;91,89;No Campaign
ORD002320;CUST0063;PRD003;27.2.2024;4;54,5;No;;218;No Campaign
ORD000412;CUST0077;PRD025;30.11.2024;1;62,88;Yes;15;53,45;No Campaign
ORD001195;CUST0055;PRD005;1.6.2024;2;114,73;No;;229,46;CMP002
ORD000538;CUST0143;PRD009;10.8.2024;1;82,74;No;;82,74;CMP004
ORD001768;CUST0066;PRD015;14.8.2024;1;111,98;Yes;15;95,18;CMP006
ORD001253;CUST0121;PRD022;22.9.2024;1;36,13;Yes;20;28,9;No Campaign
ORD001698;CUST0072;PRD018;13.7.2024;1;84,8;No;;84,8;CMP006
ORD000210;CUST0020;PRD022;13.8.2024;2;36,13;Yes;30;50,58;CMP004
ORD002372;CUST0216;PRD044;14.5.2024;1;38,28;Yes;30;26,8;CMP006
ORD001531;CUST0247;PRD035;15.12.2024;2;105,18;Yes;20;168,29;CMP007
ORD002206;CUST0021;PRD033;24.12.2024;2;102,1;No;;204,2;CMP002
ORD001883;CUST0156;PRD032;31.8.2024;1;96,29;No;;96,29;CMP001
ORD001606;CUST0010;PRD012;14.7.2024;1;67,03;No;;67,03;CMP002
ORD000917;CUST0158;PRD023;29.7.2024;2;26,66;Yes;10;47,99;No Campaign
ORD000290;CUST0161;PRD029;31.3.2024;1;124,45;No;;124,45;CMP008
ORD000510;CUST0223;PRD003;5.9.2024;1;54,5;No;;54,5;No Campaign
ORD001839;CUST0155;PRD025;16.3.2024;1;62,88;No;;62,88;CMP007
ORD001618;CUST0077;PRD055;21.11.2024;3;146,19;No;;438,57;No Campaign
ORD001748;CUST0181;PRD045;14.9.2024;2;12,65;Yes;20;20,24;No Campaign
ORD001949;CUST0026;PRD020;30.8.2024;2;44,96;No;;89,92;No Campaign
ORD001165;CUST0197;PRD029;5.2.2024;2;124,45;No;;248,9;CMP004
ORD001563;CUST0019;PRD029;28.10.2024;1;124,45;No;;124,45;CMP006
ORD002276;CUST0115;PRD039;11.10.2024;2;98,45;Yes;25;147,68;CMP003
ORD001108;CUST0052;PRD042;13.10.2024;2;77,36;No;;154,72;No Campaign
ORD001467;CUST0243;PRD045;25.9.2024;1;12,65;Yes;20;10,12;CMP002
ORD000327;CUST0243;PRD007;20.6.2024;1;116,65;No;;116,65;CMP002
ORD000924;CUST0031;PRD042;5.6.2024;2;77,36;Yes;10;139,25;CMP008
ORD001597;CUST0031;PRD046;4.10.2024;1;74,72;No;;74,72;CMP001
ORD001739;CUST0257;PRD027;23.7.2024;4;89,36;No;;357,44;No Campaign
ORD001892;CUST0012;PRD028;28.3.2024;1;114,4;No;;114,4;No Campaign
ORD002075;CUST0230;PRD042;29.6.2024;3;77,36;Yes;20;185,66;CMP003
ORD001222;CUST0092;PRD028;18.10.2024;1;114,4;No;;114,4;No Campaign
ORD000217;CUST0134;PRD027;5.8.2024;2;89,36;No;;178,72;No Campaign
ORD000517;CUST0199;PRD033;3.4.2024;2;102,1;Yes;30;142,94;CMP001
ORD000627;CUST0156;PRD054;14.7.2024;1;108,05;No;;108,05;No Campaign
ORD002390;CUST0081;PRD029;24.8.2024;2;124,45;No;;248,9;CMP003
ORD002147;CUST0199;PRD020;27.10.2024;3;44,96;Yes;10;121,39;No Campaign
ORD000991;CUST0133;PRD001;13.5.2024;1;88,41;No;;88,41;CMP005
ORD001746;CUST0080;PRD055;1.8.2024;1;146,19;No;;146,19;CMP004
ORD001255;CUST0222;PRD053;28.8.2024;1;12,65;Yes;20;10,12;No Campaign
ORD000910;CUST0131;PRD022;17.9.2024;1;36,13;No;;36,13;No Campaign
ORD001998;CUST0203;PRD025;29.9.2024;1;62,88;Yes;25;47,16;CMP001
ORD001518;CUST0149;PRD016;15.10.2024;2;77,06;Yes;30;107,88;No Campaign
ORD000110;CUST0090;PRD013;14.6.2024;2;46,11;No;;92,22;No Campaign
ORD000395;CUST0096;PRD055;11.1.2024;1;146,19;No;;146,19;No Campaign
ORD000819;CUST0156;PRD024;22.2.2024;1;79,13;No;;79,13;CMP006
ORD001659;CUST0058;PRD003;11.10.2024;2;54,5;Yes;10;98,1;CMP002
ORD000380;CUST0072;PRD035;7.3.2024;1;105,18;No;;105,18;No Campaign
ORD001194;CUST0182;PRD045;10.10.2024;4;21,12;No;;84,48;No Campaign
ORD001256;CUST0042;PRD008;15.4.2024;1;34,35;No;;34,35;No Campaign
ORD000661;CUST0233;PRD005;23.10.2024;2;114,73;Yes;15;195,04;CMP004
ORD001972;CUST0019;PRD006;16.4.2024;1;25,77;No;;25,77;CMP001
ORD002378;CUST0168;PRD022;15.1.2024;4;36,13;No;;144,52;CMP005
ORD001642;CUST0221;PRD018;2.9.2024;2;84,8;No;;169,6;No Campaign
ORD000346;CUST0080;PRD029;20.4.2024;2;124,45;Yes;25;186,68;No Campaign
ORD002125;CUST0065;PRD047;23.8.2024;1;38,8;No;;38,8;CMP005
ORD000984;CUST0162;PRD029;18.3.2024;1;124,45;No;;124,45;CMP007
ORD002070;CUST0134;PRD039;9.11.2024;1;98,45;Yes;15;83,68;CMP005
ORD001738;CUST0063;PRD023;10.6.2024;1;26,66;No;;26,66;CMP003
ORD002165;CUST0040;PRD016;21.3.2024;1;77,06;Yes;10;69,35;No Campaign
ORD000828;CUST0179;PRD044;7.1.2024;2;38,28;No;;76,56;CMP002
ORD000035;CUST0019;PRD035;17.5.2024;2;105,18;Yes;25;157,77;No Campaign
ORD000529;CUST0092;PRD035;7.4.2024;1;105,18;No;;105,18;No Campaign
ORD002077;CUST0248;PRD020;28.3.2024;2;44,96;No;;89,92;No Campaign
ORD000848;CUST0236;PRD038;19.12.2024;4;73,83;Yes;20;236,26;CMP004
ORD001855;CUST0178;PRD002;26.1.2024;1;134,25;Yes;20;107,4;CMP002
ORD000304;CUST0115;PRD029;9.6.2024;3;124,45;No;;373,35;No Campaign
ORD000326;CUST0237;PRD013;19.12.2024;1;46,11;No;;46,11;No Campaign
ORD000432;CUST0176;PRD034;16.4.2024;1;97,71;Yes;20;78,17;No Campaign
ORD001796;CUST0107;PRD044;21.7.2024;1;38,28;No;;38,28;No Campaign
ORD000010;CUST0106;PRD051;9.12.2024;1;103,2;No;;103,2;No Campaign
ORD001426;CUST0218;PRD038;21.12.2024;2;73,83;Yes;30;103,36;CMP001
ORD001854;CUST0258;PRD020;16.6.2024;2;44,96;No;;89,92;No Campaign
ORD001766;CUST0155;PRD019;20.4.2024;1;105,93;No;;105,93;No Campaign
ORD000108;CUST0227;PRD015;13.3.2024;3;111,98;No;;335,94;No Campaign
ORD000640;CUST0032;PRD026;29.8.2024;1;140,08;Yes;10;126,07;No Campaign
ORD002093;CUST0032;PRD050;22.12.2024;2;31,99;Yes;20;51,18;CMP008
ORD000272;CUST0221;PRD002;15.12.2024;1;134,25;No;;134,25;CMP005
ORD000399;CUST0023;PRD050;9.7.2024;1;31,99;No;;31,99;CMP008
ORD002214;CUST0029;PRD027;21.7.2024;1;89,36;No;;89,36;CMP003
ORD000778;CUST0038;PRD055;27.7.2024;2;146,19;No;;292,38;No Campaign
ORD000073;CUST0123;PRD052;4.6.2024;2;23,84;Yes;15;40,53;No Campaign
ORD001447;CUST0171;PRD035;28.7.2024;2;105,18;Yes;20;168,29;CMP008
ORD000359;CUST0218;PRD013;1.7.2024;1;46,11;No;;46,11;CMP007
ORD002230;CUST0040;PRD038;7.2.2024;1;73,83;No;;73,83;No Campaign
ORD001271;CUST0127;PRD026;30.12.2024;1;140,08;No;;140,08;CMP006
ORD001640;CUST0127;PRD023;8.5.2024;1;26,66;No;;26,66;CMP001
ORD001704;CUST0108;PRD046;12.9.2024;1;74,72;No;;74,72;CMP005
ORD001794;CUST0120;PRD006;8.3.2024;3;25,77;Yes;15;65,71;No Campaign
ORD000481;CUST0204;PRD031;29.9.2024;1;50,82;No;;50,82;No Campaign
ORD002090;CUST0047;PRD020;24.5.2024;1;44,96;No;;44,96;CMP004
ORD001893;CUST0139;PRD043;28.9.2024;3;83,38;Yes;15;212,62;CMP008
ORD000757;CUST0064;PRD046;7.3.2024;2;74,72;No;;149,44;CMP008
ORD000773;CUST0154;PRD045;24.2.2024;1;12,65;Yes;25;9,49;No Campaign
ORD000948;CUST0146;PRD003;3.9.2024;1;54,5;Yes;25;40,88;No Campaign
ORD002028;CUST0058;PRD020;29.9.2024;1;44,96;Yes;10;40,46;CMP004
ORD001365;CUST0163;PRD001;25.11.2024;4;88,41;No;;353,64;CMP008
ORD000541;CUST0101;PRD004;24.6.2024;3;110,52;No;;331,56;CMP001
ORD000882;CUST0106;PRD031;30.12.2024;3;50,82;No;;152,46;No Campaign
ORD001744;CUST0156;PRD033;13.11.2024;1;102,1;Yes;15;86,79;No Campaign
ORD000486;CUST0070;PRD025;8.10.2024;1;62,88;No;;62,88;CMP005
ORD001225;CUST0239;PRD013;20.12.2024;1;46,11;No;;46,11;No Campaign
ORD001868;CUST0215;PRD020;20.9.2024;1;44,96;No;;44,96;No Campaign
ORD000592;CUST0243;PRD023;28.2.2024;1;26,66;No;;26,66;No Campaign
ORD001039;CUST0094;PRD015;1.1.2024;2;111,98;No;;223,96;No Campaign
ORD001828;CUST0042;PRD050;12.9.2024;1;31,99;Yes;20;25,59;No Campaign
ORD001496;CUST0144;PRD051;11.12.2024;2;103,2;Yes;15;175,44;CMP002
ORD000753;CUST0229;PRD044;29.6.2024;1;38,28;Yes;30;26,8;No Campaign
ORD002017;CUST0076;PRD006;21.3.2024;2;25,77;Yes;25;38,66;CMP004
ORD001425;CUST0157;PRD053;3.4.2024;1;12,65;No;;12,65;No Campaign
ORD001161;CUST0207;PRD038;20.4.2024;1;73,83;Yes;25;55,37;CMP006
ORD001871;CUST0040;PRD032;30.9.2024;2;96,29;No;;192,58;CMP006
ORD002330;CUST0012;PRD053;7.4.2024;1;12,65;No;;12,65;CMP004
ORD000634;CUST0259;PRD021;29.12.2024;1;144,21;No;;144,21;No Campaign
ORD001599;CUST0062;PRD004;2.5.2024;1;110,52;No;;110,52;No Campaign
ORD001498;CUST0026;PRD011;21.12.2024;1;141,07;No;;141,07;CMP007
ORD002033;CUST0176;PRD037;6.10.2024;1;44,58;Yes;15;37,89;No Campaign
ORD001391;CUST0202;PRD055;13.5.2024;2;146,19;No;;292,38;No Campaign
ORD001722;CUST0174;PRD050;5.12.2024;2;31,99;No;;63,98;CMP007
ORD002136;CUST0077;PRD029;20.4.2024;2;124,45;No;;248,9;No Campaign
ORD001981;CUST0186;PRD055;2.4.2024;2;146,19;Yes;15;248,52;No Campaign
ORD002101;CUST0115;PRD002;24.1.2024;1;134,25;No;;134,25;No Campaign
ORD001212;CUST0123;PRD017;28.5.2024;1;94,18;No;;94,18;CMP003
ORD000516;CUST0220;PRD036;27.2.2024;1;132,58;No;;132,58;No Campaign
ORD000956;CUST0202;PRD046;10.9.2024;1;74,72;No;;74,72;No Campaign
ORD000760;CUST0229;PRD037;14.5.2024;2;44,58;No;;89,16;CMP005
ORD000394;CUST0238;PRD028;13.12.2024;2;114,4;No;;228,8;CMP003
ORD001541;CUST0092;PRD029;27.2.2024;1;124,45;No;;124,45;No Campaign
ORD001598;CUST0212;PRD028;19.6.2024;1;114,4;No;;114,4;CMP007
ORD000576;CUST0052;PRD027;2.9.2024;3;89,36;No;;268,08;No Campaign
ORD001727;CUST0233;PRD047;5.2.2024;3;38,8;No;;116,4;CMP008
ORD002368;CUST0168;PRD049;5.8.2024;1;80,98;No;;80,98;No Campaign
ORD000646;CUST0232;PRD047;31.10.2024;2;38,8;Yes;20;62,08;No Campaign
ORD002014;CUST0094;PRD045;19.8.2024;4;12,65;Yes;25;37,95;No Campaign
ORD001979;CUST0037;PRD048;27.6.2024;1;21,47;No;;21,47;No Campaign
ORD002216;CUST0179;PRD031;23.9.2024;1;50,82;Yes;25;38,12;CMP005
ORD000675;CUST0084;PRD029;4.3.2024;1;124,45;No;;124,45;No Campaign
ORD000877;CUST0086;PRD032;26.3.2024;1;96,29;Yes;20;77,03;No Campaign
ORD000358;CUST0158;PRD045;9.7.2024;1;12,65;Yes;10;11,39;No Campaign
ORD000365;CUST0174;PRD018;12.8.2024;1;84,8;Yes;20;67,84;CMP003
ORD001655;CUST0192;PRD041;18.11.2024;1;116,18;Yes;15;98,75;CMP002
ORD001084;CUST0215;PRD020;16.6.2024;1;44,96;No;;44,96;No Campaign
ORD000914;CUST0016;PRD050;6.1.2024;3;31,99;Yes;25;71,98;CMP001
ORD002367;CUST0123;PRD011;1.7.2024;2;141,07;No;;282,14;No Campaign
ORD001370;CUST0020;PRD054;21.6.2024;1;108,05;No;;108,05;CMP006
ORD000619;CUST0222;PRD040;11.1.2024;1;62,21;No;;62,21;CMP005
ORD001944;CUST0045;PRD015;7.2.2024;1;111,98;No;;111,98;CMP006
ORD000717;CUST0181;PRD042;30.7.2024;2;77,36;Yes;25;116,04;CMP005
ORD001832;CUST0211;PRD047;18.12.2024;3;38,8;Yes;30;81,48;No Campaign
ORD000635;CUST0225;PRD033;25.9.2024;1;102,1;No;;102,1;No Campaign
ORD000146;CUST0229;PRD004;17.10.2024;3;110,52;No;;331,56;CMP007
ORD002126;CUST0122;PRD011;13.8.2024;1;141,07;No;;141,07;CMP007
ORD000123;CUST0142;PRD016;6.9.2024;1;77,06;Yes;20;61,65;No Campaign
ORD000764;CUST0166;PRD004;23.6.2024;2;110,52;Yes;25;165,78;CMP001
ORD000662;CUST0229;PRD013;14.10.2024;3;46,11;No;;138,33;CMP002
ORD001136;CUST0031;PRD013;9.3.2024;1;46,11;No;;46,11;CMP004
ORD001147;CUST0173;PRD020;15.4.2024;1;44,96;Yes;25;33,72;CMP005
ORD000952;CUST0184;PRD047;30.5.2024;3;38,8;Yes;10;104,76;CMP002
ORD000966;CUST0065;PRD012;26.9.2024;1;67,03;No;;67,03;CMP001
ORD001565;CUST0131;PRD001;29.7.2024;1;88,41;Yes;30;61,89;CMP003
ORD000748;CUST0212;PRD043;26.6.2024;3;83,38;No;;250,14;No Campaign
ORD002117;CUST0250;PRD038;7.12.2024;1;73,83;Yes;25;55,37;No Campaign
ORD001542;CUST0089;PRD044;30.8.2024;1;38,28;No;;38,28;CMP005
ORD000055;CUST0020;PRD045;2.11.2024;1;12,65;Yes;15;10,75;CMP002
ORD002005;CUST0122;PRD003;2.10.2024;2;54,5;No;;109;CMP005
ORD000496;CUST0109;PRD024;1.5.2024;1;79,13;No;;79,13;No Campaign
ORD000283;CUST0044;PRD031;9.7.2024;2;50,82;Yes;25;76,23;No Campaign
ORD002083;CUST0069;PRD042;22.2.2024;1;77,36;No;;77,36;CMP001
ORD001148;CUST0045;PRD012;11.9.2024;1;67,03;No;;67,03;CMP002
ORD000479;CUST0138;PRD055;31.5.2024;1;146,19;No;;146,19;CMP008
ORD001500;CUST0110;PRD003;15.6.2024;1;54,5;Yes;30;38,15;CMP003
ORD001922;CUST0011;PRD003;12.6.2024;1;54,5;Yes;10;49,05;CMP006
ORD000622;CUST0031;PRD024;25.4.2024;1;79,13;No;;79,13;No Campaign
ORD001576;CUST0093;PRD018;21.5.2024;1;84,8;No;;84,8;CMP007
ORD002250;CUST0204;PRD001;9.4.2024;1;88,41;No;;88,41;CMP004
ORD000311;CUST0017;PRD031;2.2.2024;2;50,82;Yes;25;76,23;CMP006
ORD001901;CUST0127;PRD017;20.2.2024;1;94,18;No;;94,18;No Campaign
ORD001532;CUST0128;PRD038;29.12.2024;1;73,83;Yes;25;55,37;No Campaign
ORD001067;CUST0074;PRD031;2.2.2024;1;50,82;No;;50,82;No Campaign
ORD000808;CUST0173;PRD031;4.6.2024;2;50,82;Yes;30;71,15;No Campaign
ORD000521;CUST0245;PRD013;30.8.2024;4;46,11;No;;184,44;No Campaign
ORD000408;CUST0218;PRD013;28.9.2024;4;46,11;Yes;20;147,55;CMP006
ORD002354;CUST0157;PRD021;7.3.2024;1;144,21;Yes;30;100,95;CMP008
ORD001902;CUST0121;PRD026;25.12.2024;1;140,08;No;;140,08;CMP008
ORD002260;CUST0220;PRD012;2.3.2024;1;67,03;No;;67,03;CMP005
ORD002292;CUST0136;PRD052;23.10.2024;1;23,84;No;;23,84;No Campaign
ORD001473;CUST0180;PRD038;5.12.2024;1;73,83;No;;73,83;No Campaign
ORD001419;CUST0062;PRD007;20.12.2024;1;116,65;No;;116,65;No Campaign
ORD000258;CUST0181;PRD034;21.3.2024;1;97,71;No;;97,71;No Campaign
ORD001770;CUST0245;PRD037;23.10.2024;1;44,58;No;;44,58;CMP006
ORD000561;CUST0081;PRD030;4.12.2024;3;94,16;No;;282,48;CMP004
ORD001815;CUST0084;PRD034;27.10.2024;2;97,71;No;;195,42;No Campaign
ORD000975;CUST0018;PRD019;27.8.2024;2;105,93;No;;211,86;No Campaign
ORD000750;CUST0059;PRD052;11.6.2024;2;23,84;Yes;15;40,53;No Campaign
ORD001594;CUST0117;PRD019;10.5.2024;2;105,93;No;;211,86;CMP007
ORD002379;CUST0117;PRD021;21.11.2024;1;144,21;Yes;25;108,16;No Campaign
ORD001041;CUST0011;PRD006;30.3.2024;2;25,77;No;;51,54;No Campaign
ORD000869;CUST0056;PRD044;5.8.2024;4;38,28;No;;153,12;No Campaign
ORD001028;CUST0053;PRD029;25.11.2024;2;124,45;Yes;30;174,23;No Campaign
ORD001236;CUST0101;PRD007;23.3.2024;1;116,65;No;;116,65;No Campaign
ORD000688;CUST0223;PRD028;11.12.2024;1;114,4;No;;114,4;CMP008
ORD001574;CUST0218;PRD010;3.7.2024;2;92,66;No;;185,32;CMP005
ORD000771;CUST0107;PRD018;29.5.2024;3;84,8;No;;254,4;CMP007
ORD002397;CUST0026;PRD029;27.11.2024;4;124,45;Yes;10;448,02;No Campaign
ORD000555;CUST0059;PRD040;4.9.2024;1;62,21;Yes;30;43,55;CMP001
ORD002058;CUST0160;PRD051;20.5.2024;1;103,2;No;;103,2;CMP003
ORD000939;CUST0035;PRD032;13.1.2024;1;96,29;No;;96,29;No Campaign
ORD001493;CUST0108;PRD005;5.3.2024;1;114,73;No;;114,73;CMP008
ORD000335;CUST0156;PRD016;12.3.2024;1;77,06;No;;77,06;CMP006
ORD002346;CUST0240;PRD053;28.1.2024;3;12,65;Yes;30;26,57;No Campaign
ORD000508;CUST0144;PRD018;4.1.2024;2;84,8;Yes;30;118,72;No Campaign
ORD002196;CUST0163;PRD001;29.8.2024;1;88,41;No;;88,41;CMP005
ORD001590;CUST0104;PRD051;17.3.2024;1;103,2;Yes;10;92,88;CMP005
ORD002236;CUST0099;PRD038;24.6.2024;1;73,83;Yes;30;51,68;No Campaign
ORD000660;CUST0107;PRD030;28.10.2024;3;94,16;Yes;25;211,86;No Campaign
ORD001914;CUST0212;PRD018;30.12.2024;1;84,8;Yes;20;67,84;CMP005
ORD001827;CUST0019;PRD023;30.3.2024;1;26,66;No;;26,66;No Campaign
ORD001360;CUST0226;PRD007;3.6.2024;4;116,65;No;;466,6;CMP006
ORD001742;CUST0038;PRD025;27.2.2024;2;62,88;Yes;30;88,03;CMP008
ORD000774;CUST0130;PRD006;8.4.2024;1;25,77;Yes;15;21,9;No Campaign
ORD001275;CUST0001;PRD026;11.7.2024;1;140,08;No;;140,08;No Campaign
ORD001866;CUST0118;PRD009;27.8.2024;1;82,74;No;;82,74;No Campaign
ORD001924;CUST0012;PRD036;24.6.2024;1;132,58;No;;132,58;CMP003
ORD001027;CUST0058;PRD008;4.7.2024;1;34,35;No;;34,35;No Campaign
ORD000722;CUST0153;PRD034;30.5.2024;1;97,71;No;;97,71;CMP002
ORD001176;CUST0234;PRD020;3.12.2024;1;44,96;No;;44,96;CMP003
ORD001304;CUST0120;PRD029;10.2.2024;1;124,45;No;;124,45;CMP004
ORD000357;CUST0258;PRD049;6.6.2024;3;80,98;Yes;20;194,35;No Campaign
ORD000347;CUST0106;PRD013;24.11.2024;1;46,11;Yes;25;34,58;CMP002
ORD000135;CUST0127;PRD043;1.3.2024;1;83,38;No;;83,38;CMP006
ORD001093;CUST0175;PRD040;30.6.2024;1;62,21;Yes;20;49,77;CMP001
ORD001609;CUST0135;PRD009;23.4.2024;1;82,74;No;;82,74;CMP005
ORD002213;CUST0003;PRD005;6.8.2024;1;114,73;Yes;15;97,52;CMP004
ORD001231;CUST0119;PRD006;3.3.2024;2;25,77;No;;51,54;CMP004
ORD000235;CUST0106;PRD039;3.7.2024;1;98,45;No;;98,45;CMP003
ORD001122;CUST0223;PRD045;29.8.2024;3;12,65;Yes;15;32,26;No Campaign
ORD000063;CUST0213;PRD006;2.3.2024;2;25,77;Yes;25;38,66;No Campaign
ORD000503;CUST0137;PRD029;26.5.2024;2;124,45;Yes;25;186,68;CMP001
ORD002353;CUST0033;PRD031;20.8.2024;2;50,82;No;;101,64;CMP008
ORD001586;CUST0041;PRD012;18.6.2024;1;67,03;Yes;25;50,27;No Campaign
ORD000596;CUST0019;PRD011;9.9.2024;1;141,07;No;;141,07;CMP007
ORD002108;CUST0213;PRD021;24.3.2024;2;144,21;No;;288,42;CMP002
ORD000787;CUST0021;PRD045;6.1.2024;2;12,65;No;;25,3;CMP007
ORD000324;CUST0236;PRD003;8.9.2024;2;54,5;No;;109;CMP003
ORD001395;CUST0045;PRD031;26.7.2024;3;50,82;No;;152,46;No Campaign
ORD002306;CUST0027;PRD015;14.10.2024;4;111,98;No;;447,92;CMP004
ORD002019;CUST0018;PRD037;23.4.2024;1;44,58;No;;44,58;No Campaign
ORD000934;CUST0231;PRD041;15.10.2024;1;116,18;Yes;20;92,94;CMP008
ORD000872;CUST0196;PRD016;24.11.2024;1;77,06;No;;77,06;CMP003
ORD000099;CUST0183;PRD040;23.12.2024;3;62,21;No;;186,63;CMP002
ORD001314;CUST0057;PRD042;15.1.2024;4;77,36;No;;309,44;CMP002
ORD001205;CUST0193;PRD028;27.3.2024;2;114,4;Yes;30;160,16;CMP003
ORD001715;CUST0063;PRD031;30.6.2024;1;50,82;Yes;25;38,12;No Campaign
ORD001905;CUST0127;PRD042;7.12.2024;1;77,36;No;;77,36;No Campaign
ORD001264;CUST0118;PRD033;29.7.2024;1;102,1;No;;102,1;CMP002
ORD002191;CUST0216;PRD037;9.4.2024;2;44,58;No;;89,16;No Campaign
ORD000602;CUST0253;PRD008;4.3.2024;1;34,35;No;;34,35;CMP005
ORD002086;CUST0082;PRD013;30.1.2024;1;46,11;No;;46,11;CMP006
ORD000709;CUST0162;PRD052;29.9.2024;1;23,84;No;;23,84;No Campaign
ORD002079;CUST0171;PRD026;12.2.2024;1;140,08;No;;140,08;No Campaign
ORD000631;CUST0032;PRD048;16.6.2024;1;21,47;No;;21,47;No Campaign
ORD001491;CUST0172;PRD024;4.11.2024;4;79,13;No;;316,52;CMP002
ORD001270;CUST0118;PRD033;25.5.2024;1;102,1;No;;102,1;CMP003
ORD001676;CUST0138;PRD044;11.10.2024;1;38,28;No;;38,28;CMP003
ORD000003;CUST0231;PRD003;14.10.2024;1;54,5;No;;54,5;CMP002
ORD000647;CUST0227;PRD023;4.7.2024;2;26,66;Yes;30;37,32;CMP001
ORD000901;CUST0228;PRD014;17.3.2024;1;19,71;Yes;20;15,77;CMP001
ORD002166;CUST0050;PRD042;19.10.2024;1;77,36;No;;77,36;CMP005
ORD001756;CUST0134;PRD055;9.11.2024;3;146,19;No;;438,57;CMP005
ORD002198;CUST0226;PRD020;31.8.2024;1;44,96;Yes;15;38,22;CMP007
ORD001573;CUST0132;PRD006;22.10.2024;3;25,77;No;;77,31;CMP007
ORD001456;CUST0161;PRD001;4.9.2024;4;88,41;No;;353,64;CMP004
ORD000369;CUST0222;PRD038;18.10.2024;2;73,83;Yes;20;118,13;CMP006
ORD000259;CUST0113;PRD008;19.10.2024;1;34,35;No;;34,35;CMP005
ORD001001;CUST0162;PRD028;10.1.2024;1;114,4;No;;114,4;CMP002
ORD000363;CUST0058;PRD045;20.2.2024;1;12,65;No;;12,65;CMP008
ORD000795;CUST0219;PRD031;18.12.2024;1;50,82;No;;50,82;CMP007
ORD000947;CUST0242;PRD011;21.4.2024;3;141,07;No;;423,21;CMP002
ORD002091;CUST0179;PRD018;18.4.2024;3;84,8;No;;254,4;CMP001
ORD002142;CUST0228;PRD003;12.7.2024;1;54,5;No;;54,5;No Campaign
ORD000392;CUST0258;PRD050;27.5.2024;1;31,99;No;;31,99;CMP008
ORD000256;CUST0226;PRD034;20.1.2024;4;97,71;Yes;20;312,67;CMP006
ORD000020;CUST0160;PRD016;17.11.2024;2;77,06;No;;154,12;CMP003
ORD001332;CUST0212;PRD001;28.11.2024;1;88,41;No;;88,41;No Campaign
ORD002253;CUST0231;PRD039;15.6.2024;1;98,45;No;;98,45;CMP007
ORD000749;CUST0062;PRD017;14.8.2024;1;94,18;No;;94,18;No Campaign
ORD001208;CUST0259;PRD055;12.2.2024;2;146,19;No;;292,38;CMP005
ORD000978;CUST0170;PRD033;22.2.2024;1;102,1;Yes;25;76,58;No Campaign
ORD000973;CUST0020;PRD024;15.7.2024;3;79,13;No;;237,39;CMP006
ORD000161;CUST0077;PRD003;30.9.2024;1;54,5;Yes;10;49,05;CMP006
ORD002085;CUST0044;PRD038;3.1.2024;4;73,83;No;;295,32;No Campaign
ORD000471;CUST0143;PRD015;14.4.2024;1;111,98;No;;111,98;CMP006
ORD000665;CUST0099;PRD027;30.5.2024;1;89,36;No;;89,36;No Campaign
ORD001349;CUST0120;PRD021;28.7.2024;1;144,21;Yes;10;129,79;No Campaign
ORD000212;CUST0066;PRD019;13.8.2024;1;105,93;Yes;20;84,74;No Campaign
ORD002078;CUST0064;PRD011;29.6.2024;1;141,07;Yes;15;119,91;No Campaign
ORD000232;CUST0205;PRD027;16.2.2024;3;89,36;No;;268,08;CMP006
ORD002241;CUST0188;PRD048;17.7.2024;1;21,47;No;;21,47;No Campaign
ORD000318;CUST0122;PRD040;14.8.2024;1;62,21;Yes;20;49,77;No Campaign
ORD000970;CUST0135;PRD021;25.12.2024;1;144,21;No;;144,21;CMP008
ORD001292;CUST0258;PRD033;6.6.2024;1;102,1;No;;102,1;CMP004
ORD000876;CUST0042;PRD038;3.4.2024;2;73,83;Yes;30;103,36;CMP007
ORD001429;CUST0225;PRD054;29.8.2024;2;108,05;No;;216,1;No Campaign
ORD001673;CUST0140;PRD038;19.6.2024;1;73,83;No;;73,83;CMP006
ORD001838;CUST0230;PRD015;3.6.2024;2;111,98;Yes;20;179,17;CMP005
ORD001383;CUST0226;PRD038;5.7.2024;2;73,83;Yes;30;103,36;No Campaign
ORD001126;CUST0251;PRD002;31.12.2024;1;134,25;Yes;25;100,69;CMP004
ORD001809;CUST0069;PRD002;16.5.2024;1;134,25;No;;134,25;CMP008
ORD000133;CUST0166;PRD002;8.4.2024;1;134,25;No;;134,25;No Campaign
ORD000214;CUST0112;PRD025;18.7.2024;1;62,88;Yes;25;47,16;CMP008
ORD001935;CUST0111;PRD005;26.1.2024;2;114,73;Yes;15;195,04;No Campaign
ORD001969;CUST0188;PRD049;2.4.2024;2;80,98;Yes;25;121,47;CMP007
ORD001645;CUST0038;PRD029;29.9.2024;1;124,45;No;;124,45;CMP005
ORD000060;CUST0093;PRD045;5.3.2024;1;12,65;No;;12,65;No Campaign
ORD000906;CUST0098;PRD050;5.2.2024;2;31,99;No;;63,98;No Campaign
ORD000419;CUST0208;PRD019;10.1.2024;1;105,93;No;;105,93;CMP007
ORD001305;CUST0230;PRD052;24.2.2024;2;23,84;No;;47,68;CMP008
ORD002324;CUST0153;PRD018;20.5.2024;1;84,8;No;;84,8;CMP002
ORD000923;CUST0203;PRD029;23.1.2024;3;124,45;No;;373,35;No Campaign
ORD000430;CUST0153;PRD054;21.6.2024;1;108,05;Yes;25;81,04;No Campaign
ORD001975;CUST0032;PRD038;12.2.2024;1;73,83;No;;73,83;No Campaign
ORD000870;CUST0143;PRD026;21.8.2024;2;140,08;Yes;10;252,14;CMP008
ORD000715;CUST0153;PRD026;28.9.2024;1;140,08;Yes;30;98,06;CMP001
ORD000706;CUST0081;PRD022;17.10.2024;1;36,13;Yes;10;32,52;CMP005
ORD000976;CUST0019;PRD037;3.1.2024;2;44,58;Yes;25;66,87;CMP008
ORD000475;CUST0230;PRD033;17.9.2024;2;102,1;Yes;15;173,57;No Campaign
ORD000250;CUST0098;PRD044;15.10.2024;1;38,28;No;;38,28;CMP008
ORD000681;CUST0055;PRD054;13.11.2024;1;108,05;No;;108,05;No Campaign
ORD001912;CUST0165;PRD053;20.12.2024;1;12,65;Yes;15;10,75;CMP008
ORD000895;CUST0222;PRD023;25.1.2024;1;26,66;No;;26,66;CMP003
ORD000140;CUST0021;PRD046;6.2.2024;1;74,72;No;;74,72;No Campaign
ORD001433;CUST0224;PRD036;29.10.2024;1;132,58;No;;132,58;No Campaign
ORD001729;CUST0135;PRD004;22.2.2024;2;110,52;Yes;30;154,73;CMP008
ORD000136;CUST0028;PRD050;3.8.2024;2;31,99;Yes;20;51,18;CMP002
ORD000089;CUST0213;PRD042;23.9.2024;1;77,36;Yes;15;65,76;No Campaign
ORD001348;CUST0239;PRD025;19.7.2024;1;62,88;No;;62,88;CMP002
ORD001242;CUST0241;PRD002;11.1.2024;2;134,25;No;;268,5;CMP004
ORD002042;CUST0027;PRD050;8.11.2024;1;31,99;No;;31,99;No Campaign
ORD000512;CUST0217;PRD029;19.4.2024;1;124,45;Yes;10;112,01;No Campaign
ORD001330;CUST0119;PRD003;15.8.2024;3;54,5;No;;163,5;CMP004
ORD002182;CUST0107;PRD030;29.7.2024;1;94,16;Yes;10;84,74;CMP002
ORD001191;CUST0135;PRD041;15.6.2024;2;116,18;No;;232,36;CMP006
ORD000847;CUST0102;PRD031;17.8.2024;1;50,82;No;;50,82;CMP002
ORD001767;CUST0174;PRD035;15.8.2024;1;105,18;Yes;25;78,89;CMP005
ORD000131;CUST0222;PRD009;30.7.2024;2;82,74;No;;165,48;No Campaign
ORD000200;CUST0161;PRD031;26.7.2024;1;50,82;No;;50,82;No Campaign
ORD002115;CUST0135;PRD026;13.8.2024;1;140,08;No;;140,08;CMP008
ORD002187;CUST0051;PRD047;9.6.2024;2;38,8;Yes;15;65,96;CMP005
ORD000196;CUST0244;PRD010;14.11.2024;1;92,66;Yes;20;74,13;CMP006
ORD001506;CUST0086;PRD035;14.1.2024;1;105,18;Yes;20;84,14;No Campaign
ORD001547;CUST0064;PRD042;25.3.2024;1;77,36;Yes;25;58,02;CMP002
ORD000911;CUST0022;PRD014;29.9.2024;2;19,71;Yes;10;35,48;CMP003
ORD000098;CUST0038;PRD043;17.8.2024;1;83,38;No;;83,38;CMP008
ORD000599;CUST0107;PRD037;11.12.2024;1;44,58;Yes;25;33,44;No Campaign
ORD001810;CUST0099;PRD002;4.11.2024;3;134,25;Yes;10;362,48;CMP001
ORD000420;CUST0052;PRD020;22.10.2024;2;44,96;Yes;20;71,94;No Campaign
ORD000951;CUST0074;PRD041;18.4.2024;2;116,18;No;;232,36;CMP005
ORD001817;CUST0066;PRD047;30.10.2024;1;38,8;No;;38,8;CMP008
ORD001772;CUST0233;PRD001;28.3.2024;3;88,41;No;;265,23;No Campaign
ORD001284;CUST0216;PRD036;20.4.2024;1;132,58;Yes;30;92,81;CMP001
ORD001478;CUST0138;PRD040;13.6.2024;1;62,21;No;;62,21;CMP003
ORD000026;CUST0157;PRD041;5.11.2024;1;116,18;Yes;15;98,75;CMP004
ORD001386;CUST0124;PRD021;23.6.2024;1;144,21;No;;144,21;CMP007
ORD000971;CUST0253;PRD031;11.5.2024;2;50,82;No;;101,64;CMP005
ORD000839;CUST0210;PRD002;26.11.2024;1;134,25;No;;134,25;CMP008
ORD001614;CUST0170;PRD027;5.7.2024;1;89,36;No;;89,36;CMP001
ORD001658;CUST0094;PRD003;14.9.2024;1;54,5;Yes;10;49,05;No Campaign
ORD000897;CUST0124;PRD054;21.8.2024;2;108,05;No;;216,1;No Campaign
ORD001022;CUST0115;PRD004;18.4.2024;3;110,52;No;;331,56;No Campaign
ORD001568;CUST0095;PRD046;30.10.2024;1;74,72;No;;74,72;No Campaign
ORD000188;CUST0259;PRD017;5.2.2024;1;94,18;No;;94,18;No Campaign
ORD001996;CUST0105;PRD035;28.6.2024;1;105,18;No;;105,18;CMP006
ORD001967;CUST0227;PRD004;5.7.2024;1;110,52;Yes;10;99,47;No Campaign
ORD001648;CUST0107;PRD036;5.5.2024;1;132,58;No;;132,58;No Campaign
ORD000455;CUST0170;PRD051;26.12.2024;1;103,2;Yes;20;82,56;CMP008
ORD001743;CUST0231;PRD055;1.3.2024;1;146,19;Yes;30;102,33;CMP004
ORD000500;CUST0255;PRD036;6.4.2024;1;132,58;Yes;10;119,32;CMP006
ORD002065;CUST0239;PRD001;31.3.2024;2;88,41;Yes;25;132,62;No Campaign
ORD002063;CUST0238;PRD049;2.7.2024;4;80,98;No;;323,92;No Campaign
ORD000645;CUST0070;PRD011;3.2.2024;1;141,07;No;;141,07;No Campaign
ORD001163;CUST0022;PRD050;15.1.2024;1;31,99;No;;31,99;No Campaign
ORD000825;CUST0091;PRD050;30.3.2024;1;31,99;Yes;10;28,79;CMP007
ORD001475;CUST0207;PRD053;28.10.2024;1;12,65;No;;12,65;No Campaign
ORD000864;CUST0186;PRD030;4.7.2024;2;94,16;No;;188,32;CMP006
ORD002240;CUST0045;PRD050;24.5.2024;1;31,99;Yes;20;25,59;No Campaign
ORD001851;CUST0040;PRD050;5.12.2024;3;31,99;No;;95,97;No Campaign
ORD002160;CUST0162;PRD045;14.3.2024;1;12,65;No;;12,65;No Campaign
ORD001859;CUST0139;PRD032;18.9.2024;2;96,29;Yes;15;163,69;CMP001
ORD000090;CUST0111;PRD054;3.10.2024;1;108,05;No;;108,05;CMP005
ORD001378;CUST0230;PRD005;25.8.2024;1;114,73;No;;114,73;No Campaign
ORD001607;CUST0102;PRD053;23.10.2024;1;12,65;No;;12,65;No Campaign
ORD000485;CUST0135;PRD013;18.6.2024;1;46,11;No;;46,11;CMP006
ORD001353;CUST0072;PRD031;12.7.2024;2;50,82;No;;101,64;No Campaign
ORD001628;CUST0157;PRD045;27.10.2024;2;12,65;Yes;20;20,24;CMP002
ORD000569;CUST0032;PRD036;7.5.2024;1;132,58;No;;132,58;No Campaign
ORD002045;CUST0171;PRD039;4.10.2024;3;98,45;No;;295,35;No Campaign
ORD002158;CUST0066;PRD047;27.2.2024;1;38,8;No;;38,8;CMP006
ORD001221;CUST0213;PRD004;8.9.2024;2;110,52;No;;221,04;CMP001
ORD000552;CUST0257;PRD019;23.10.2024;1;105,93;No;;105,93;CMP001
ORD002164;CUST0112;PRD035;18.5.2024;1;105,18;No;;105,18;No Campaign
ORD001945;CUST0146;PRD016;13.9.2024;2;77,06;No;;154,12;No Campaign
ORD000875;CUST0140;PRD055;7.9.2024;4;146,19;No;;584,76;CMP008
ORD001086;CUST0251;PRD055;9.9.2024;1;146,19;Yes;30;102,33;No Campaign
ORD000268;CUST0148;PRD020;15.6.2024;1;44,96;No;;44,96;CMP001
ORD001890;CUST0143;PRD045;30.1.2024;1;12,65;Yes;10;11,39;No Campaign
ORD001948;CUST0225;PRD046;1.8.2024;1;74,72;No;;74,72;CMP001
ORD001214;CUST0216;PRD003;18.6.2024;1;54,5;No;;54,5;No Campaign
ORD000855;CUST0228;PRD048;24.3.2024;1;21,47;Yes;15;18,25;CMP006
ORD001201;CUST0112;PRD019;15.3.2024;3;105,93;No;;317,79;CMP005
ORD000530;CUST0121;PRD043;10.3.2024;2;83,38;Yes;30;116,73;No Campaign
ORD001683;CUST0254;PRD035;16.7.2024;1;105,18;No;;105,18;No Campaign
ORD000781;CUST0090;PRD002;1.2.2024;4;134,25;Yes;25;402,75;CMP006
ORD000052;CUST0058;PRD020;17.5.2024;1;44,96;No;;44,96;CMP008
ORD001616;CUST0025;PRD051;20.4.2024;1;103,2;Yes;25;77,4;CMP001
ORD000126;CUST0191;PRD038;7.8.2024;2;73,83;No;;147,66;CMP008
ORD001753;CUST0193;PRD022;24.6.2024;2;36,13;No;;72,26;CMP008
ORD001172;CUST0116;PRD047;2.9.2024;2;38,8;Yes;20;62,08;CMP004
ORD001833;CUST0152;PRD020;14.10.2024;1;44,96;No;;44,96;CMP008
ORD000164;CUST0194;PRD005;4.2.2024;2;114,73;Yes;25;172,1;No Campaign
ORD000319;CUST0122;PRD017;27.12.2024;1;94,18;No;;94,18;CMP007
ORD001315;CUST0030;PRD030;10.11.2024;3;94,16;No;;282,48;No Campaign
ORD001371;CUST0096;PRD008;16.8.2024;2;34,35;Yes;10;61,83;No Campaign
ORD002188;CUST0135;PRD020;17.5.2024;1;44,96;Yes;20;35,97;CMP001
ORD000789;CUST0167;PRD045;6.12.2024;1;12,65;No;;12,65;No Campaign
ORD000613;CUST0122;PRD047;19.10.2024;1;38,8;No;;38,8;No Campaign
ORD002013;CUST0116;PRD010;17.6.2024;2;92,66;No;;185,32;CMP001
ORD000610;CUST0180;PRD015;28.7.2024;1;111,98;Yes;25;83,99;CMP003
ORD001530;CUST0209;PRD025;22.8.2024;1;62,88;Yes;10;56,59;CMP004
ORD000459;CUST0082;PRD010;23.11.2024;2;92,66;No;;185,32;CMP001
ORD001281;CUST0071;PRD026;8.8.2024;2;140,08;Yes;30;196,11;No Campaign
ORD000898;CUST0002;PRD038;28.12.2024;1;73,83;No;;73,83;No Campaign
ORD000427;CUST0040;PRD002;23.4.2024;4;134,25;Yes;25;402,75;No Campaign
ORD002139;CUST0105;PRD009;21.1.2024;1;82,74;No;;82,74;CMP004
ORD002264;CUST0102;PRD036;14.9.2024;2;132,58;No;;265,16;CMP007
ORD002375;CUST0120;PRD030;2.11.2024;1;94,16;No;;94,16;CMP004
ORD001911;CUST0099;PRD047;1.10.2024;1;38,8;No;;38,8;No Campaign
ORD002284;CUST0231;PRD006;26.1.2024;3;25,77;Yes;10;69,58;No Campaign
ORD000463;CUST0090;PRD043;4.4.2024;1;83,38;No;;83,38;No Campaign
ORD000320;CUST0002;PRD036;11.5.2024;2;132,58;No;;265,16;CMP005
ORD000176;CUST0114;PRD029;24.10.2024;3;124,45;Yes;10;336,02;No Campaign
ORD000558;CUST0240;PRD033;16.3.2024;1;102,1;No;;102,1;No Campaign
ORD000743;CUST0086;PRD010;13.3.2024;1;92,66;No;;92,66;CMP005
ORD001571;CUST0019;PRD031;16.3.2024;1;50,82;No;;50,82;CMP001
ORD000710;CUST0008;PRD029;11.9.2024;1;124,45;Yes;25;93,34;CMP007
ORD001841;CUST0053;PRD031;10.10.2024;1;50,82;Yes;25;38,12;CMP001
ORD002387;CUST0034;PRD029;29.12.2024;1;124,45;Yes;30;87,12;CMP008
ORD001711;CUST0190;PRD021;8.8.2024;1;144,21;Yes;30;100,95;No Campaign
ORD000571;CUST0214;PRD039;10.2.2024;1;98,45;No;;98,45;CMP005
ORD000372;CUST0104;PRD012;23.1.2024;1;67,03;No;;67,03;No Campaign
ORD000344;CUST0135;PRD038;6.9.2024;2;73,83;Yes;30;103,36;CMP008
ORD000880;CUST0223;PRD007;8.8.2024;4;116,65;No;;466,6;CMP004
ORD000988;CUST0005;PRD040;19.2.2024;2;62,21;Yes;30;87,09;No Campaign
ORD001955;CUST0191;PRD022;9.6.2024;3;36,13;Yes;15;92,13;No Campaign
ORD001193;CUST0014;PRD017;21.7.2024;1;94,18;No;;94,18;No Campaign
ORD001661;CUST0207;PRD003;18.1.2024;1;54,5;No;;54,5;No Campaign
ORD001010;CUST0096;PRD018;11.5.2024;1;84,8;No;;84,8;CMP003
ORD002331;CUST0253;PRD003;30.1.2024;1;54,5;Yes;25;40,88;CMP004
ORD000167;CUST0185;PRD003;17.12.2024;3;54,5;No;;163,5;CMP005
ORD000248;CUST0204;PRD008;1.2.2024;1;34,35;Yes;25;25,76;CMP006
ORD001932;CUST0076;PRD012;6.4.2024;2;67,03;Yes;10;120,65;No Campaign
ORD001992;CUST0250;PRD010;2.11.2024;1;92,66;Yes;10;83,39;CMP008
ORD001514;CUST0122;PRD042;15.5.2024;1;77,36;Yes;10;69,62;CMP007
ORD000871;CUST0201;PRD044;30.6.2024;1;38,28;Yes;30;26,8;No Campaign
ORD002148;CUST0090;PRD007;28.2.2024;2;116,65;No;;233,3;CMP007
ORD000342;CUST0047;PRD042;16.6.2024;4;77,36;No;;309,44;CMP006
ORD002186;CUST0127;PRD050;22.5.2024;1;31,99;No;;31,99;CMP005
ORD001720;CUST0170;PRD028;5.2.2024;1;114,4;Yes;30;80,08;No Campaign
ORD001134;CUST0154;PRD037;14.9.2024;2;44,58;No;;89,16;No Campaign
ORD002096;CUST0072;PRD028;11.9.2024;1;114,4;Yes;10;102,96;CMP001
ORD002011;CUST0229;PRD005;6.7.2024;1;114,73;No;;114,73;CMP005
ORD001595;CUST0248;PRD029;19.8.2024;1;124,45;Yes;30;87,12;CMP006
ORD001592;CUST0025;PRD021;17.3.2024;3;144,21;Yes;20;346,1;No Campaign
ORD001539;CUST0024;PRD020;23.4.2024;3;44,96;No;;134,88;CMP003
ORD000007;CUST0084;PRD049;3.1.2024;2;80,98;No;;161,96;CMP005
ORD000040;CUST0239;PRD021;22.11.2024;3;144,21;No;;432,63;CMP001
ORD000588;CUST0077;PRD052;13.1.2024;1;23,84;No;;23,84;CMP007
ORD001293;CUST0017;PRD048;23.10.2024;1;21,47;Yes;10;19,32;No Campaign
ORD002197;CUST0037;PRD013;19.9.2024;1;46,11;No;;46,11;CMP004
ORD001713;CUST0166;PRD002;10.6.2024;2;134,25;No;;268,5;No Campaign
ORD001477;CUST0152;PRD036;17.7.2024;2;132,58;No;;265,16;CMP002
ORD001207;CUST0041;PRD009;16.7.2024;3;82,74;No;;248,22;No Campaign
ORD001384;CUST0121;PRD003;5.6.2024;3;54,5;No;;163,5;CMP008
ORD000093;CUST0191;PRD020;9.6.2024;2;44,96;Yes;10;80,93;CMP003
ORD000624;CUST0118;PRD031;21.10.2024;1;50,82;No;;50,82;CMP007
ORD000942;CUST0016;PRD020;19.3.2024;1;44,96;No;;44,96;CMP007
ORD001850;CUST0057;PRD041;26.12.2024;1;116,18;No;;116,18;CMP008
ORD000844;CUST0157;PRD052;9.5.2024;1;23,84;No;;23,84;CMP001
ORD000633;CUST0017;PRD043;29.3.2024;3;83,38;No;;250,14;CMP004
ORD001178;CUST0134;PRD004;15.3.2024;1;110,52;No;;110,52;CMP003
ORD000958;CUST0210;PRD003;24.1.2024;1;54,5;Yes;25;40,88;No Campaign
ORD000156;CUST0025;PRD037;29.5.2024;4;44,58;No;;178,32;No Campaign
ORD000008;CUST0020;PRD004;20.9.2024;2;110,52;No;;221,04;CMP005
ORD002212;CUST0258;PRD025;21.9.2024;1;62,88;No;;62,88;CMP007
ORD001472;CUST0030;PRD031;18.2.2024;1;50,82;No;;50,82;CMP007
ORD000954;CUST0062;PRD029;9.2.2024;2;124,45;No;;248,9;CMP008
ORD000270;CUST0003;PRD030;1.12.2024;2;94,16;No;;188,32;CMP006
ORD000046;CUST0256;PRD006;2.10.2024;4;25,77;No;;103,08;CMP006
ORD001464;CUST0170;PRD006;15.9.2024;2;25,77;No;;51,54;No Campaign
ORD000618;CUST0049;PRD048;5.1.2024;2;21,47;Yes;20;34,35;No Campaign
ORD000391;CUST0164;PRD027;12.2.2024;1;89,36;No;;89,36;No Campaign
ORD000302;CUST0127;PRD010;3.3.2024;1;92,66;Yes;20;74,13;No Campaign
ORD001970;CUST0198;PRD011;11.12.2024;1;141,07;No;;141,07;CMP004
ORD001354;CUST0198;PRD033;16.11.2024;2;102,1;No;;204,2;CMP004
ORD001468;CUST0131;PRD050;19.5.2024;3;31,99;Yes;15;81,57;No Campaign
ORD001141;CUST0024;PRD028;27.2.2024;1;114,4;No;;114,4;No Campaign
ORD001303;CUST0069;PRD032;6.4.2024;1;96,29;Yes;15;81,85;CMP006
ORD001286;CUST0114;PRD047;14.3.2024;2;38,8;No;;77,6;CMP001
ORD001280;CUST0094;PRD047;2.5.2024;3;38,8;No;;116,4;No Campaign
ORD000572;CUST0214;PRD046;31.5.2024;1;74,72;No;;74,72;No Campaign
ORD001701;CUST0185;PRD051;19.2.2024;1;103,2;No;;103,2;No Campaign
ORD000940;CUST0094;PRD055;27.10.2024;2;146,19;Yes;30;204,67;No Campaign
ORD000573;CUST0177;PRD041;20.5.2024;1;116,18;Yes;30;81,33;No Campaign
ORD001105;CUST0218;PRD004;17.4.2024;2;110,52;No;;221,04;CMP002
ORD000070;CUST0131;PRD004;25.11.2024;3;110,52;No;;331,56;No Campaign
ORD000314;CUST0229;PRD048;1.4.2024;1;21,47;No;;21,47;CMP003
ORD001488;CUST0136;PRD003;24.5.2024;4;54,5;No;;218;CMP008
ORD000565;CUST0182;PRD013;10.1.2024;1;46,11;Yes;30;32,28;No Campaign
ORD000735;CUST0191;PRD055;2.6.2024;1;146,19;Yes;30;102,33;No Campaign
ORD001885;CUST0060;PRD050;25.10.2024;2;31,99;No;;63,98;CMP002
ORD000747;CUST0240;PRD026;20.8.2024;4;140,08;No;;560,32;CMP006
ORD001615;CUST0206;PRD054;12.1.2024;3;108,05;No;;324,15;No Campaign
ORD000490;CUST0122;PRD049;21.4.2024;2;80,98;No;;161,96;No Campaign
ORD000977;CUST0047;PRD046;29.3.2024;2;74,72;Yes;30;104,61;No Campaign
ORD002076;CUST0151;PRD024;31.7.2024;2;79,13;Yes;25;118,7;CMP007
ORD000201;CUST0073;PRD012;19.4.2024;1;67,03;Yes;20;53,62;CMP001
ORD001481;CUST0077;PRD029;27.3.2024;1;124,45;Yes;10;112,01;CMP003
ORD001931;CUST0251;PRD017;21.9.2024;1;94,18;Yes;25;70,64;CMP004
ORD001173;CUST0030;PRD020;22.10.2024;4;44,96;Yes;25;134,88;CMP004
ORD000812;CUST0033;PRD022;13.1.2024;1;36,13;Yes;30;25,29;CMP004
ORD000138;CUST0034;PRD047;28.11.2024;1;38,8;No;;38,8;No Campaign
ORD002247;CUST0003;PRD036;3.2.2024;3;132,58;Yes;10;357,97;No Campaign
ORD001470;CUST0150;PRD003;6.12.2024;3;54,5;No;;163,5;No Campaign
ORD001244;CUST0105;PRD038;29.4.2024;3;73,83;No;;221,49;CMP001
ORD000746;CUST0135;PRD046;10.5.2024;1;74,72;No;;74,72;No Campaign
ORD002007;CUST0127;PRD044;15.3.2024;1;38,28;Yes;10;34,45;No Campaign
ORD000243;CUST0132;PRD030;13.9.2024;2;94,16;Yes;15;160,07;CMP001
ORD001135;CUST0082;PRD023;24.2.2024;2;26,66;No;;53,32;CMP007
ORD000368;CUST0208;PRD013;22.1.2024;1;46,11;Yes;20;36,89;CMP002
ORD000462;CUST0158;PRD044;12.2.2024;3;38,28;No;;114,84;CMP001
ORD001171;CUST0211;PRD008;15.9.2024;1;34,35;Yes;15;29,2;No Campaign
ORD000325;CUST0124;PRD024;15.4.2024;1;79,13;Yes;20;63,3;No Campaign
ORD001097;CUST0048;PRD032;8.12.2024;2;96,29;No;;192,58;No Campaign
ORD001760;CUST0199;PRD038;17.8.2024;2;73,83;Yes;25;110,75;CMP001
ORD001549;CUST0220;PRD042;6.11.2024;2;77,36;No;;154,72;No Campaign
ORD001709;CUST0123;PRD005;16.7.2024;1;114,73;Yes;10;103,26;CMP006
ORD000066;CUST0039;PRD033;18.7.2024;1;102,1;No;;102,1;No Campaign
ORD000247;CUST0101;PRD024;10.2.2024;1;79,13;Yes;30;55,39;No Campaign
ORD001184;CUST0057;PRD001;25.4.2024;2;88,41;No;;176,82;No Campaign
ORD000296;CUST0245;PRD050;4.4.2024;2;31,99;No;;63,98;No Campaign
ORD002168;CUST0107;PRD022;30.1.2024;1;36,13;No;;36,13;CMP001
ORD000434;CUST0165;PRD034;10.7.2024;2;97,71;No;;195,42;CMP006
ORD000638;CUST0185;PRD002;8.12.2024;3;134,25;Yes;25;302,06;CMP007
ORD000677;CUST0080;PRD027;22.7.2024;4;89,36;Yes;20;285,95;No Campaign
ORD001248;CUST0172;PRD012;21.9.2024;1;67,03;Yes;30;46,92;No Campaign
ORD000278;CUST0118;PRD041;26.2.2024;3;116,18;Yes;15;296,26;No Campaign
ORD001458;CUST0161;PRD030;15.2.2024;1;94,16;No;;94,16;No Campaign
ORD000758;CUST0051;PRD011;8.6.2024;3;141,07;No;;423,21;CMP001
ORD000478;CUST0230;PRD003;22.4.2024;1;54,5;No;;54,5;CMP008
ORD000127;CUST0217;PRD033;10.8.2024;1;102,1;No;;102,1;No Campaign
ORD001296;CUST0166;PRD003;24.10.2024;1;54,5;Yes;20;43,6;CMP004
ORD000460;CUST0112;PRD005;4.6.2024;2;114,73;No;;229,46;No Campaign
ORD000888;CUST0029;PRD003;29.2.2024;4;54,5;Yes;30;152,6;No Campaign
ORD000996;CUST0250;PRD035;19.2.2024;2;105,18;No;;210,36;CMP004
ORD000305;CUST0001;PRD017;19.7.2024;1;94,18;Yes;15;80,05;CMP002
ORD001582;CUST0186;PRD005;13.4.2024;3;114,73;No;;344,19;CMP004
ORD000931;CUST0101;PRD004;18.11.2024;2;110,52;No;;221,04;CMP008
ORD000225;CUST0026;PRD016;14.6.2024;2;77,06;Yes;25;115,59;No Campaign
ORD001397;CUST0072;PRD040;26.8.2024;3;62,21;Yes;30;130,64;CMP002
ORD001170;CUST0182;PRD031;14.2.2024;1;50,82;No;;50,82;CMP003
ORD001301;CUST0013;PRD014;31.7.2024;2;19,71;No;;39,42;No Campaign
ORD001686;CUST0147;PRD003;30.7.2024;1;54,5;Yes;15;46,33;CMP005
ORD000442;CUST0024;PRD031;24.11.2024;1;50,82;Yes;20;40,66;No Campaign
ORD001455;CUST0187;PRD031;22.3.2024;1;50,82;Yes;15;43,2;No Campaign
ORD000282;CUST0130;PRD015;5.6.2024;2;111,98;No;;223,96;No Campaign
ORD000266;CUST0164;PRD021;23.5.2024;3;144,21;No;;432,63;No Campaign
ORD002219;CUST0253;PRD005;5.1.2024;2;114,73;No;;229,46;CMP008
ORD000491;CUST0009;PRD028;10.1.2024;1;114,4;No;;114,4;CMP005
ORD001798;CUST0119;PRD045;27.9.2024;4;12,65;No;;50,6;CMP001
ORD001664;CUST0086;PRD023;24.9.2024;1;26,66;No;;26,66;CMP003
ORD000074;CUST0106;PRD028;16.7.2024;2;114,4;No;;228,8;CMP001
ORD000057;CUST0049;PRD035;5.5.2024;1;105,18;No;;105,18;No Campaign
ORD000353;CUST0232;PRD025;24.11.2024;1;62,88;No;;62,88;CMP006
ORD001593;CUST0112;PRD022;10.5.2024;1;36,13;No;;36,13;No Campaign
ORD000894;CUST0204;PRD040;4.11.2024;1;62,21;No;;62,21;CMP001
ORD000159;CUST0102;PRD018;19.5.2024;1;84,8;No;;84,8;No Campaign
ORD000025;CUST0133;PRD052;21.8.2024;1;23,84;No;;23,84;CMP006
ORD000784;CUST0024;PRD018;11.5.2024;2;84,8;Yes;10;152,64;CMP007
ORD000650;CUST0107;PRD050;27.3.2024;2;31,99;No;;63,98;CMP006
ORD001313;CUST0056;PRD023;11.10.2024;4;26,66;Yes;20;85,31;CMP004
ORD001206;CUST0241;PRD021;29.8.2024;1;144,21;No;;144,21;No Campaign
ORD001758;CUST0098;PRD049;29.4.2024;2;80,98;Yes;20;129,57;No Campaign
ORD000065;CUST0002;PRD041;1.11.2024;1;116,18;No;;116,18;CMP007
ORD000850;CUST0035;PRD040;6.3.2024;2;62,21;No;;124,42;CMP002
ORD002358;CUST0125;PRD003;23.2.2024;2;54,5;No;;109;No Campaign
ORD000678;CUST0184;PRD032;2.1.2024;4;96,29;No;;385,16;CMP002
ORD000950;CUST0181;PRD022;11.5.2024;1;36,13;No;;36,13;CMP007
ORD000298;CUST0076;PRD028;21.6.2024;2;114,4;No;;228,8;No Campaign
ORD001224;CUST0091;PRD032;1.10.2024;1;96,29;Yes;10;86,66;No Campaign
ORD002151;CUST0142;PRD020;15.9.2024;1;44,96;No;;44,96;No Campaign
ORD001907;CUST0179;PRD020;15.10.2024;1;44,96;No;;44,96;No Campaign
ORD001619;CUST0134;PRD037;11.4.2024;4;44,58;Yes;25;133,74;No Campaign
ORD000218;CUST0089;PRD032;8.11.2024;1;96,29;No;;96,29;CMP003
ORD001783;CUST0088;PRD025;29.4.2024;4;62,88;Yes;10;226,37;No Campaign
ORD002345;CUST0126;PRD045;8.9.2024;1;12,65;Yes;25;9,49;No Campaign
ORD000925;CUST0234;PRD020;22.7.2024;1;44,96;Yes;15;38,22;CMP007
ORD002001;CUST0117;PRD026;26.3.2024;1;140,08;No;;140,08;No Campaign
ORD002199;CUST0115;PRD054;17.11.2024;1;108,05;No;;108,05;CMP001
ORD001963;CUST0157;PRD002;21.1.2024;1;134,25;Yes;30;93,98;CMP003
ORD000734;CUST0104;PRD037;27.6.2024;1;44,58;No;;44,58;No Campaign
ORD001362;CUST0037;PRD043;16.7.2024;1;83,38;No;;83,38;CMP008
ORD000987;CUST0254;PRD003;23.2.2024;4;54,5;Yes;15;185,3;CMP001
ORD001925;CUST0003;PRD021;20.9.2024;1;144,21;Yes;10;129,79;CMP005
ORD001708;CUST0021;PRD045;16.12.2024;2;12,65;No;;25,3;No Campaign
ORD001976;CUST0022;PRD054;15.3.2024;1;108,05;No;;108,05;CMP002
ORD000542;CUST0154;PRD052;24.2.2024;1;23,84;Yes;20;19,07;No Campaign
ORD000798;CUST0127;PRD034;27.3.2024;1;97,71;Yes;30;68,4;CMP003
ORD001125;CUST0165;PRD045;1.8.2024;4;12,65;No;;50,6;No Campaign
ORD002023;CUST0125;PRD046;2.5.2024;1;74,72;No;;74,72;CMP007
ORD001546;CUST0257;PRD049;7.10.2024;1;80,98;Yes;10;72,88;No Campaign
ORD000904;CUST0156;PRD005;20.1.2024;1;114,73;Yes;20;91,78;CMP002
ORD001019;CUST0124;PRD004;11.1.2024;1;110,52;No;;110,52;CMP004
ORD000260;CUST0120;PRD008;1.5.2024;2;34,35;Yes;30;48,09;CMP002
ORD002004;CUST0113;PRD014;15.2.2024;1;19,71;Yes;20;15,77;No Campaign
ORD000990;CUST0195;PRD043;8.6.2024;1;83,38;Yes;15;70,87;No Campaign
ORD000082;CUST0061;PRD045;19.6.2024;2;12,65;Yes;20;20,24;CMP001
ORD000583;CUST0078;PRD024;24.1.2024;1;79,13;No;;79,13;No Campaign
ORD001987;CUST0047;PRD055;16.4.2024;1;146,19;No;;146,19;CMP008
ORD001802;CUST0217;PRD006;6.2.2024;2;25,77;Yes;25;38,66;No Campaign
ORD002366;CUST0061;PRD038;15.7.2024;4;73,83;No;;295,32;No Campaign
ORD001653;CUST0212;PRD040;12.11.2024;1;62,21;Yes;15;52,88;CMP004
ORD001465;CUST0042;PRD014;29.10.2024;1;19,71;No;;19,71;No Campaign
ORD001109;CUST0083;PRD011;30.5.2024;1;141,07;No;;141,07;CMP006
ORD000081;CUST0195;PRD038;9.6.2024;4;73,83;Yes;30;206,72;CMP002
ORD001550;CUST0182;PRD037;30.5.2024;1;44,58;No;;44,58;No Campaign
ORD001087;CUST0227;PRD014;2.8.2024;2;19,71;No;;39,42;CMP001
ORD000229;CUST0243;PRD008;29.12.2024;2;34,35;No;;68,7;No Campaign
ORD000381;CUST0063;PRD032;25.8.2024;1;96,29;Yes;15;81,85;CMP005
ORD002150;CUST0150;PRD049;5.5.2024;3;80,98;Yes;15;206,5;CMP004
ORD000165;CUST0042;PRD031;3.3.2024;2;50,82;No;;101,64;No Campaign
ORD002103;CUST0133;PRD007;23.6.2024;1;116,65;Yes;10;104,99;No Campaign
ORD001124;CUST0104;PRD012;8.5.2024;4;67,03;No;;268,12;No Campaign
ORD000186;CUST0151;PRD054;17.5.2024;1;108,05;No;;108,05;No Campaign
ORD000094;CUST0067;PRD023;6.7.2024;2;26,66;No;;53,32;No Campaign
ORD002329;CUST0222;PRD021;24.6.2024;4;144,21;Yes;15;490,31;CMP003
ORD001272;CUST0220;PRD018;30.5.2024;1;84,8;No;;84,8;No Campaign
ORD000702;CUST0027;PRD012;23.10.2024;1;67,03;No;;67,03;No Campaign
ORD002399;CUST0252;PRD025;24.10.2024;2;62,88;No;;125,76;No Campaign
ORD001245;CUST0058;PRD021;25.7.2024;2;144,21;No;;288,42;No Campaign
ORD001848;CUST0011;PRD003;31.5.2024;3;54,5;Yes;25;122,63;No Campaign
ORD000608;CUST0254;PRD048;9.12.2024;1;21,47;Yes;20;17,18;CMP001
ORD001339;CUST0027;PRD038;29.12.2024;2;73,83;No;;147,66;CMP008
ORD002374;CUST0226;PRD052;4.4.2024;3;23,84;No;;71,52;CMP003
ORD001082;CUST0253;PRD017;26.5.2024;4;94,18;No;;376,72;No Campaign
ORD000323;CUST0165;PRD019;25.4.2024;3;105,93;No;;317,79;No Campaign
ORD001459;CUST0001;PRD005;12.9.2024;3;114,73;No;;344,19;No Campaign
ORD000354;CUST0003;PRD018;23.9.2024;4;84,8;Yes;30;237,44;No Campaign
ORD002094;CUST0118;PRD039;15.8.2024;1;98,45;No;;98,45;No Campaign
ORD001282;CUST0117;PRD040;13.10.2024;3;62,21;Yes;20;149,3;CMP007
ORD001309;CUST0085;PRD051;21.9.2024;1;103,2;Yes;20;82,56;No Campaign
ORD002046;CUST0148;PRD050;2.3.2024;3;31,99;No;;95,97;CMP008
ORD001197;CUST0237;PRD048;24.4.2024;1;21,47;No;;21,47;No Campaign
ORD001853;CUST0064;PRD013;21.11.2024;3;46,11;No;;138,33;No Campaign
ORD001741;CUST0201;PRD052;12.9.2024;2;23,84;Yes;30;33,38;CMP003
ORD001526;CUST0022;PRD037;13.11.2024;3;44,58;No;;133,74;CMP004
ORD002097;CUST0212;PRD006;11.2.2024;1;25,77;No;;25,77;No Campaign
ORD001046;CUST0050;PRD027;16.9.2024;3;89,36;No;;268,08;No Campaign
ORD002265;CUST0226;PRD013;31.5.2024;1;46,11;Yes;20;36,89;No Campaign
ORD000511;CUST0031;PRD022;24.3.2024;1;36,13;Yes;30;25,29;CMP008
ORD001407;CUST0036;PRD019;22.9.2024;2;105,93;No;;211,86;No Campaign
ORD000537;CUST0174;PRD027;7.8.2024;1;89,36;No;;89,36;CMP008
ORD001392;CUST0122;PRD052;9.3.2024;4;23,84;Yes;25;71,52;CMP002
ORD001736;CUST0006;PRD032;25.12.2024;1;96,29;No;;96,29;CMP004
ORD001622;CUST0200;PRD046;4.2.2024;2;74,72;Yes;10;134,5;CMP003
ORD002127;CUST0106;PRD009;17.5.2024;3;82,74;No;;248,22;CMP006
ORD001121;CUST0076;PRD008;21.4.2024;2;34,35;No;;68,7;No Campaign
ORD000936;CUST0072;PRD005;6.10.2024;1;114,73;Yes;20;91,78;No Campaign
ORD001074;CUST0066;PRD002;13.12.2024;2;134,25;Yes;20;214,8;CMP003
ORD000893;CUST0088;PRD042;28.10.2024;1;77,36;No;;77,36;No Campaign
ORD000143;CUST0190;PRD047;13.2.2024;2;38,8;No;;77,6;No Campaign
ORD000472;CUST0222;PRD016;31.3.2024;2;77,06;No;;154,12;CMP004
ORD001012;CUST0040;PRD034;28.8.2024;2;97,71;Yes;30;136,79;CMP006
ORD000879;CUST0257;PRD041;24.10.2024;1;116,18;No;;116,18;No Campaign
ORD000762;CUST0210;PRD046;23.1.2024;1;74,72;Yes;25;56,04;No Campaign
ORD001310;CUST0233;PRD033;29.7.2024;2;102,1;Yes;10;183,78;CMP003
ORD000832;CUST0235;PRD014;12.1.2024;1;19,71;No;;19,71;CMP007
ORD001908;CUST0069;PRD016;22.2.2024;1;77,06;Yes;30;53,94;CMP005
ORD000690;CUST0240;PRD029;6.3.2024;2;124,45;No;;248,9;No Campaign
ORD001705;CUST0231;PRD053;21.2.2024;2;12,65;No;;25,3;No Campaign
ORD001662;CUST0192;PRD041;27.10.2024;1;116,18;No;;116,18;No Campaign
ORD000470;CUST0124;PRD031;3.8.2024;2;50,82;No;;101,64;No Campaign
ORD001057;CUST0055;PRD004;23.6.2024;1;110,52;No;;110,52;CMP004
ORD001445;CUST0175;PRD037;9.2.2024;3;44,58;No;;133,74;CMP006
ORD000424;CUST0176;PRD054;21.12.2024;1;108,05;No;;108,05;CMP008
ORD001950;CUST0161;PRD024;7.9.2024;2;79,13;Yes;10;142,43;No Campaign
ORD002155;CUST0084;PRD033;13.6.2024;1;102,1;No;;102,1;CMP001
ORD001103;CUST0015;PRD044;24.6.2024;1;38,28;Yes;25;28,71;CMP005
ORD002339;CUST0140;PRD013;9.9.2024;3;46,11;Yes;15;117,58;No Campaign
ORD000673;CUST0110;PRD003;6.1.2024;1;54,5;No;;54,5;CMP005
ORD001517;CUST0227;PRD017;22.4.2024;1;94,18;Yes;25;70,64;CMP003
ORD001112;CUST0064;PRD005;2.4.2024;1;114,73;No;;114,73;CMP006
ORD002140;CUST0087;PRD051;28.8.2024;2;103,2;No;;206,4;No Campaign
ORD002298;CUST0242;PRD003;23.8.2024;3;54,5;No;;163,5;CMP003
ORD001537;CUST0051;PRD020;24.10.2024;3;44,96;Yes;30;94,42;CMP003
ORD000915;CUST0032;PRD012;7.12.2024;3;67,03;No;;201,09;No Campaign
ORD000438;CUST0022;PRD055;25.1.2024;2;146,19;No;;292,38;CMP001
ORD000106;CUST0071;PRD038;15.5.2024;2;73,83;No;;147,66;CMP001
ORD000191;CUST0209;PRD024;26.7.2024;2;79,13;Yes;20;126,61;CMP007
ORD001283;CUST0085;PRD012;22.4.2024;3;67,03;No;;201,09;No Campaign
ORD000160;CUST0193;PRD029;12.7.2024;1;124,45;No;;124,45;No Campaign
ORD002243;CUST0144;PRD007;13.7.2024;2;116,65;Yes;20;186,64;No Campaign
ORD001329;CUST0056;PRD052;11.7.2024;1;23,84;No;;23,84;CMP007
ORD000759;CUST0067;PRD031;18.11.2024;3;50,82;No;;152,46;CMP002
ORD000119;CUST0230;PRD044;5.6.2024;1;38,28;No;;38,28;No Campaign
ORD000852;CUST0183;PRD019;8.4.2024;2;105,93;No;;211,86;No Campaign
ORD000935;CUST0195;PRD017;24.2.2024;3;94,18;No;;282,54;No Campaign
ORD002312;CUST0211;PRD042;30.5.2024;1;77,36;No;;77,36;No Campaign
ORD001469;CUST0260;PRD055;27.12.2024;2;146,19;No;;292,38;CMP007
ORD001776;CUST0040;PRD030;17.7.2024;1;94,16;No;;94,16;No Campaign
ORD000814;CUST0124;PRD031;2.1.2024;2;50,82;No;;101,64;No Campaign
ORD000261;CUST0108;PRD025;24.10.2024;1;62,88;Yes;30;44,02;CMP001
ORD000985;CUST0022;PRD047;10.3.2024;1;38,8;No;;38,8;CMP004
ORD000443;CUST0066;PRD008;6.7.2024;1;34,35;No;;34,35;CMP008
ORD001154;CUST0141;PRD043;22.11.2024;2;83,38;Yes;30;116,73;CMP004
ORD001156;CUST0239;PRD019;6.2.2024;1;105,93;No;;105,93;CMP005
ORD001414;CUST0073;PRD050;12.1.2024;1;31,99;No;;31,99;CMP006
ORD000006;CUST0023;PRD031;13.12.2024;1;50,82;No;;50,82;CMP001
ORD000878;CUST0255;PRD049;5.2.2024;1;80,98;No;;80,98;CMP006
ORD002311;CUST0233;PRD032;4.1.2024;1;96,29;No;;96,29;No Campaign
ORD001538;CUST0147;PRD016;23.8.2024;3;77,06;Yes;10;208,06;No Campaign
ORD002225;CUST0103;PRD037;26.3.2024;1;44,58;No;;44,58;No Campaign
ORD001529;CUST0160;PRD014;24.1.2024;4;19,71;No;;78,84;No Campaign
ORD000586;CUST0049;PRD052;9.3.2024;2;23,84;Yes;15;40,53;CMP002
ORD002059;CUST0109;PRD017;20.9.2024;1;94,18;No;;94,18;No Campaign
ORD001306;CUST0206;PRD013;30.1.2024;2;46,11;Yes;15;78,39;CMP004
ORD001276;CUST0020;PRD044;11.1.2024;1;38,28;Yes;15;32,54;No Campaign
ORD001343;CUST0104;PRD038;27.6.2024;3;73,83;Yes;30;155,04;No Campaign
ORD002185;CUST0216;PRD051;22.8.2024;2;103,2;No;;206,4;CMP007
ORD002343;CUST0207;PRD040;3.11.2024;1;62,21;Yes;30;43,55;No Campaign
ORD001285;CUST0131;PRD030;26.7.2024;1;94,16;No;;94,16;No Campaign
ORD000615;CUST0063;PRD015;25.5.2024;2;111,98;No;;223,96;No Campaign
ORD001880;CUST0094;PRD050;31.1.2024;2;31,99;Yes;15;54,38;No Campaign
ORD000224;CUST0006;PRD016;14.11.2024;1;77,06;No;;77,06;CMP002
ORD002337;CUST0224;PRD011;2.4.2024;1;141,07;No;;141,07;CMP004
ORD000477;CUST0174;PRD003;11.4.2024;4;54,5;No;;218;No Campaign
ORD000375;CUST0015;PRD035;11.3.2024;1;105,18;No;;105,18;No Campaign
ORD001218;CUST0063;PRD019;22.1.2024;1;105,93;Yes;;105,93;CMP007
ORD000505;CUST0163;PRD010;25.7.2024;4;92,66;No;;370,64;CMP002
ORD000322;CUST0110;PRD033;5.8.2024;1;102,1;No;;102,1;CMP003
ORD001928;CUST0021;PRD032;24.12.2024;4;96,29;Yes;10;346,64;No Campaign
ORD000384;CUST0065;PRD015;26.10.2024;1;111,98;Yes;20;89,58;No Campaign
ORD001899;CUST0128;PRD018;17.10.2024;4;84,8;No;;339,2;CMP001
ORD002351;CUST0106;PRD045;16.4.2024;3;12,65;No;;37,95;CMP005
ORD002228;CUST0028;PRD013;24.7.2024;3;46,11;Yes;25;103,75;No Campaign
ORD001066;CUST0044;PRD044;15.1.2024;2;38,28;No;;76,56;No Campaign
ORD000763;CUST0153;PRD051;12.1.2024;1;103,2;No;;103,2;CMP005
ORD002159;CUST0036;PRD048;21.10.2024;1;21,47;No;;21,47;No Campaign
ORD001577;CUST0097;PRD054;21.9.2024;1;108,05;No;;108,05;CMP006
ORD001678;CUST0060;PRD038;2.3.2024;1;73,83;No;;73,83;No Campaign
ORD001617;CUST0098;PRD049;17.9.2024;4;80,98;Yes;20;259,14;No Campaign
ORD000580;CUST0048;PRD021;22.2.2024;3;144,21;No;;432,63;No Campaign
ORD002087;CUST0147;PRD005;24.7.2024;1;114,73;No;;114,73;No Campaign
ORD002100;CUST0190;PRD037;3.3.2024;3;44,58;No;;133,74;No Campaign
ORD000028;CUST0139;PRD042;9.8.2024;3;77,36;No;;232,08;CMP002
ORD000791;CUST0006;PRD001;18.10.2024;2;88,41;Yes;15;150,3;No Campaign
ORD001064;CUST0017;PRD053;25.12.2024;1;12,65;Yes;30;8,86;No Campaign
ORD000069;CUST0043;PRD034;23.5.2024;1;97,71;Yes;30;68,4;No Campaign
ORD000234;CUST0244;PRD045;19.2.2024;1;12,65;No;;12,65;CMP008
ORD001167;CUST0227;PRD031;12.2.2024;1;50,82;Yes;25;38,12;CMP004
ORD000518;CUST0118;PRD044;7.3.2024;1;38,28;No;;38,28;No Campaign
ORD000328;CUST0078;PRD026;24.3.2024;1;140,08;No;;140,08;No Campaign
ORD001252;CUST0013;PRD008;7.5.2024;1;34,35;No;;34,35;No Campaign
ORD001328;CUST0041;PRD033;23.4.2024;1;102,1;Yes;25;76,58;No Campaign
ORD000775;CUST0184;PRD051;8.1.2024;1;103,2;Yes;20;82,56;CMP006
ORD001016;CUST0015;PRD036;23.2.2024;2;132,58;No;;265,16;CMP008
ORD000465;CUST0158;PRD019;6.5.2024;1;105,93;No;;105,93;No Campaign
ORD002338;CUST0198;PRD010;9.12.2024;1;92,66;Yes;10;83,39;CMP007
ORD000867;CUST0082;PRD053;29.7.2024;1;12,65;Yes;15;10,75;CMP005
ORD000080;CUST0014;PRD016;13.2.2024;1;77,06;No;;77,06;CMP002
ORD001693;CUST0194;PRD022;8.12.2024;4;36,13;No;;144,52;CMP002
ORD001289;CUST0028;PRD009;23.8.2024;1;82,74;No;;82,74;CMP002
ORD001198;CUST0060;PRD031;10.3.2024;2;50,82;No;;101,64;CMP006
ORD002272;CUST0051;PRD021;16.10.2024;1;144,21;No;;144,21;CMP003
ORD001666;CUST0200;PRD018;23.7.2024;1;84,8;No;;84,8;CMP007
ORD001548;CUST0160;PRD040;8.4.2024;1;62,21;Yes;15;52,88;CMP001
ORD000607;CUST0185;PRD021;11.6.2024;4;144,21;No;;576,84;CMP002
ORD002259;CUST0245;PRD015;7.4.2024;1;111,98;No;;111,98;CMP008
ORD001886;CUST0135;PRD034;10.1.2024;2;97,71;No;;195,42;CMP003
ORD001297;CUST0162;PRD005;15.12.2024;2;114,73;No;;229,46;CMP001
ORD000724;CUST0237;PRD031;6.4.2024;1;50,82;No;;50,82;No Campaign
ORD000054;CUST0068;PRD018;23.12.2024;1;84,8;No;;84,8;No Campaign
ORD000101;CUST0127;PRD003;17.8.2024;1;54,5;No;;54,5;CMP006
ORD000393;CUST0116;PRD030;31.12.2024;2;94,16;Yes;10;169,49;CMP001
ORD002336;CUST0203;PRD011;14.10.2024;1;141,07;No;;141,07;CMP006
ORD001830;CUST0146;PRD042;5.11.2024;1;77,36;Yes;10;69,62;No Campaign
ORD001366;CUST0094;PRD004;21.12.2024;3;110,52;No;;331,56;CMP001
ORD000343;CUST0101;PRD012;3.2.2024;1;67,03;Yes;30;46,92;No Campaign
ORD002245;CUST0195;PRD049;29.8.2024;1;80,98;Yes;30;56,69;No Campaign
ORD002394;CUST0032;PRD022;1.10.2024;2;36,13;No;;72,26;CMP004
ORD000493;CUST0101;PRD002;9.11.2024;1;134,25;No;;134,25;CMP004
ORD000745;CUST0043;PRD047;4.4.2024;1;38,8;No;;38,8;CMP004
ORD000637;CUST0236;PRD051;2.10.2024;2;103,2;No;;206,4;CMP007
ORD001781;CUST0055;PRD031;29.11.2024;2;50,82;No;;101,64;No Campaign
ORD000786;CUST0168;PRD011;16.12.2024;1;141,07;No;;141,07;CMP006
ORD001085;CUST0228;PRD033;11.12.2024;2;102,1;No;;204,2;No Campaign
ORD000461;CUST0021;PRD034;16.12.2024;4;97,71;No;;390,84;CMP003
ORD002299;CUST0093;PRD017;30.3.2024;1;94,18;No;;94,18;CMP001
ORD001312;CUST0039;PRD042;15.3.2024;1;77,36;No;;77,36;No Campaign
ORD000183;CUST0223;PRD042;7.5.2024;1;77,36;No;;77,36;No Campaign
ORD002244;CUST0087;PRD048;1.5.2024;1;21,47;No;;21,47;No Campaign
ORD000543;CUST0181;PRD047;13.5.2024;1;38,8;No;;38,8;CMP004
ORD000813;CUST0226;PRD047;17.2.2024;1;38,8;No;;38,8;CMP003
ORD000507;CUST0101;PRD027;7.6.2024;2;89,36;Yes;10;160,85;No Campaign
ORD000899;CUST0064;PRD028;15.7.2024;1;114,4;No;;114,4;No Campaign
ORD000333;CUST0069;PRD029;2.3.2024;2;124,45;No;;248,9;CMP002
ORD000284;CUST0169;PRD003;27.12.2024;2;54,5;Yes;25;81,75;No Campaign
ORD001031;CUST0003;PRD029;28.11.2024;1;124,45;No;;124,45;No Campaign
ORD001814;CUST0025;PRD001;20.8.2024;1;88,41;No;;88,41;CMP008
ORD001434;CUST0010;PRD005;18.12.2024;1;114,73;Yes;20;91,78;No Campaign
ORD000187;CUST0070;PRD038;6.9.2024;1;73,83;Yes;30;51,68;CMP007
ORD000454;CUST0061;PRD033;28.11.2024;2;102,1;No;;204,2;CMP007
ORD002012;CUST0178;PRD031;14.1.2024;1;50,82;No;;50,82;CMP007
ORD001630;CUST0085;PRD005;19.8.2024;1;114,73;Yes;20;91,78;CMP007
ORD000499;CUST0138;PRD035;12.1.2024;1;105,18;Yes;25;78,89;No Campaign
ORD002180;CUST0073;PRD028;15.9.2024;1;114,4;Yes;15;97,24;No Campaign
ORD001643;CUST0075;PRD014;2.5.2024;2;19,71;No;;39,42;CMP001
ORD002031;CUST0176;PRD015;6.12.2024;1;111,98;Yes;20;89,58;No Campaign
ORD001572;CUST0200;PRD011;24.7.2024;1;141,07;No;;141,07;CMP001
ORD000064;CUST0050;PRD038;21.11.2024;2;73,83;No;;147,66;CMP007
ORD001401;CUST0171;PRD041;5.9.2024;4;116,18;No;;464,72;CMP005
ORD001381;CUST0241;PRD033;1.11.2024;1;102,1;No;;102,1;CMP002
ORD000553;CUST0168;PRD011;6.2.2024;4;141,07;Yes;30;395;No Campaign
ORD000670;CUST0169;PRD033;24.2.2024;1;102,1;No;;102,1;CMP008
ORD000312;CUST0191;PRD049;19.8.2024;1;80,98;Yes;25;60,74;CMP005
ORD001119;CUST0092;PRD019;23.3.2024;2;105,93;No;;211,86;No Campaign
ORD000785;CUST0184;PRD033;16.5.2024;1;102,1;No;;102,1;No Campaign
ORD002357;CUST0092;PRD001;7.11.2024;1;88,41;No;;88,41;No Campaign
ORD001806;CUST0231;PRD038;1.5.2024;1;73,83;No;;73,83;No Campaign
ORD002167;CUST0067;PRD027;19.11.2024;1;89,36;Yes;15;75,96;No Campaign
ORD000120;CUST0194;PRD019;2.5.2024;1;105,93;No;;105,93;No Campaign
ORD001338;CUST0066;PRD029;2.9.2024;2;124,45;Yes;25;186,68;No Campaign
ORD000352;CUST0036;PRD003;26.11.2024;1;54,5;Yes;25;40,88;No Campaign
ORD001368;CUST0068;PRD035;17.12.2024;1;105,18;Yes;25;78,89;CMP008
ORD000406;CUST0095;PRD047;7.4.2024;1;38,8;No;;38,8;CMP005
ORD000053;CUST0260;PRD011;21.5.2024;3;141,07;No;;423,21;No Campaign
ORD000382;CUST0220;PRD023;12.10.2024;1;26,66;Yes;15;22,66;CMP004
ORD001589;CUST0235;PRD023;11.2.2024;1;26,66;No;;26,66;CMP005
ORD001279;CUST0050;PRD038;15.6.2024;1;73,83;Yes;15;62,76;CMP001
ORD001026;CUST0195;PRD032;11.3.2024;1;96,29;Yes;25;72,22;CMP008
ORD000539;CUST0150;PRD027;20.12.2024;4;89,36;Yes;15;303,82;No Campaign
ORD001906;CUST0097;PRD010;26.7.2024;1;92,66;No;;92,66;CMP008
ORD000664;CUST0225;PRD002;12.11.2024;1;134,25;No;;134,25;No Campaign
ORD000513;CUST0141;PRD052;26.4.2024;1;23,84;No;;23,84;CMP003
ORD002037;CUST0145;PRD027;27.8.2024;2;89,36;No;;178,72;No Campaign
ORD001820;CUST0134;PRD051;19.5.2024;3;103,2;No;;309,6;CMP003
ORD001320;CUST0043;PRD019;2.12.2024;1;105,93;Yes;20;84,74;CMP002
ORD001487;CUST0097;PRD041;30.12.2024;2;116,18;No;;232,36;CMP003
ORD000370;CUST0162;PRD038;31.5.2024;1;73,83;No;;73,83;CMP007
ORD001101;CUST0173;PRD027;12.1.2024;2;89,36;Yes;20;142,98;No Campaign
ORD001509;CUST0235;PRD049;19.11.2024;1;80,98;No;;80,98;CMP004
ORD001123;CUST0207;PRD021;11.5.2024;1;144,21;Yes;20;115,37;No Campaign
ORD000718;CUST0091;PRD013;25.1.2024;1;46,11;Yes;20;36,89;No Campaign
ORD002194;CUST0004;PRD006;13.9.2024;1;25,77;No;;25,77;CMP007
ORD002048;CUST0093;PRD007;12.8.2024;1;116,65;Yes;20;93,32;No Campaign
ORD001262;CUST0146;PRD019;21.2.2024;3;105,93;No;;317,79;CMP002
ORD000672;CUST0197;PRD021;16.6.2024;2;144,21;No;;288,42;No Campaign
ORD001716;CUST0061;PRD049;28.10.2024;1;80,98;Yes;20;64,78;CMP001
ORD000642;CUST0145;PRD003;16.9.2024;4;54,5;No;;218;No Campaign
ORD000129;CUST0070;PRD040;25.6.2024;2;62,21;Yes;20;99,54;No Campaign
ORD001780;CUST0067;PRD010;11.9.2024;1;92,66;Yes;30;64,86;No Campaign
ORD001778;CUST0016;PRD017;2.11.2024;1;94,18;No;;94,18;No Campaign
ORD001373;CUST0208;PRD009;27.4.2024;1;82,74;No;;82,74;CMP003
ORD000532;CUST0106;PRD004;31.8.2024;2;110,52;Yes;30;154,73;No Campaign
ORD001773;CUST0148;PRD002;17.9.2024;2;134,25;No;;268,5;CMP006
ORD000450;CUST0133;PRD049;28.7.2024;2;80,98;No;;161,96;CMP006
ORD000817;CUST0069;PRD014;6.12.2024;1;19,71;No;;19,71;No Campaign
ORD001947;CUST0260;PRD004;12.8.2024;4;110,52;No;;442,08;CMP004
ORD000092;CUST0113;PRD049;18.1.2024;1;80,98;Yes;30;56,69;CMP005
ORD001489;CUST0037;PRD019;5.5.2024;1;105,93;Yes;30;74,15;CMP005
ORD000658;CUST0067;PRD032;9.2.2024;3;96,29;No;;288,87;CMP004
ORD001446;CUST0164;PRD011;26.6.2024;2;141,07;Yes;25;211,61;No Campaign
ORD000606;CUST0146;PRD032;23.5.2024;1;96,29;No;;96,29;CMP008
ORD002256;CUST0230;PRD044;25.5.2024;1;38,28;No;;38,28;CMP004
ORD000371;CUST0164;PRD055;8.9.2024;1;146,19;Yes;30;102,33;CMP001
ORD001567;CUST0059;PRD001;27.1.2024;2;88,41;Yes;30;123,77;No Campaign
ORD000215;CUST0068;PRD041;8.11.2024;1;116,18;No;;116,18;No Campaign
ORD001127;CUST0038;PRD031;14.2.2024;1;50,82;No;;50,82;No Campaign
ORD000091;CUST0214;PRD025;21.7.2024;1;62,88;Yes;30;44,02;CMP008
ORD001461;CUST0104;PRD008;18.12.2024;1;34,35;No;;34,35;No Campaign
ORD001731;CUST0213;PRD017;10.1.2024;3;94,18;No;;282,54;CMP004
ORD000853;CUST0113;PRD045;22.7.2024;2;12,65;No;;25,3;CMP006
ORD002257;CUST0040;PRD053;4.8.2024;3;12,65;No;;37,95;No Campaign
ORD001155;CUST0183;PRD024;6.3.2024;1;79,13;Yes;15;67,26;CMP004
ORD000331;CUST0032;PRD053;11.4.2024;1;12,65;No;;12,65;CMP008
ORD001602;CUST0237;PRD009;21.4.2024;2;82,74;No;;165,48;CMP005
ORD001553;CUST0168;PRD003;1.10.2024;2;54,5;Yes;30;76,3;No Campaign
ORD000310;CUST0240;PRD008;15.7.2024;1;34,35;No;;34,35;No Campaign
ORD001069;CUST0123;PRD046;12.8.2024;1;74,72;No;;74,72;CMP002
ORD000061;CUST0199;PRD001;25.10.2024;2;88,41;Yes;25;132,62;No Campaign
ORD001765;CUST0016;PRD001;19.2.2024;1;88,41;No;;88,41;No Campaign
ORD002305;CUST0235;PRD044;27.9.2024;1;38,28;No;;38,28;CMP004
ORD001801;CUST0062;PRD034;26.7.2024;4;97,71;Yes;25;293,13;CMP006
ORD002395;CUST0020;PRD028;2.1.2024;2;114,4;No;;228,8;CMP004
ORD000058;CUST0237;PRD020;8.4.2024;1;44,96;Yes;15;38,22;CMP004
ORD001230;CUST0094;PRD004;17.1.2024;2;110,52;Yes;25;165,78;CMP005
ORD001583;CUST0063;PRD018;24.11.2024;1;84,8;Yes;15;72,08;CMP006
ORD002146;CUST0142;PRD005;5.10.2024;2;114,73;Yes;25;172,1;No Campaign
ORD000332;CUST0099;PRD016;15.11.2024;1;77,06;Yes;15;65,5;No Campaign
ORD000805;CUST0160;PRD022;20.1.2024;1;36,13;Yes;15;30,71;CMP008
ORD000336;CUST0081;PRD051;2.3.2024;1;103,2;No;;103,2;CMP002
ORD000197;CUST0259;PRD005;7.10.2024;1;114,73;Yes;20;91,78;CMP001
ORD001915;CUST0107;PRD019;29.3.2024;2;105,93;No;;211,86;No Campaign
ORD001898;CUST0116;PRD002;22.7.2024;4;134,25;Yes;10;483,3;CMP002
ORD002266;CUST0135;PRD003;18.11.2024;1;54,5;Yes;25;40,88;No Campaign
ORD002010;CUST0251;PRD018;27.10.2024;1;84,8;No;;84,8;CMP001
ORD000621;CUST0216;PRD032;14.7.2024;1;96,29;Yes;15;81,85;No Campaign
ORD000752;CUST0251;PRD044;2.3.2024;3;38,28;Yes;15;97,61;No Campaign
ORD001361;CUST0005;PRD046;2.6.2024;1;74,72;Yes;25;56,04;CMP002
ORD001133;CUST0094;PRD055;27.4.2024;1;146,19;Yes;;146,19;CMP004
ORD002249;CUST0066;PRD054;19.3.2024;1;108,05;Yes;15;91,84;CMP004
ORD002137;CUST0099;PRD007;29.3.2024;3;116,65;No;;349,95;CMP007
ORD000448;CUST0204;PRD044;23.1.2024;2;38,28;Yes;20;61,25;CMP004
ORD001503;CUST0210;PRD017;2.6.2024;2;94,18;Yes;10;169,52;No Campaign
ORD000011;CUST0116;PRD006;14.10.2024;4;25,77;Yes;20;82,46;CMP003
ORD001369;CUST0057;PRD047;4.3.2024;4;38,8;No;;155,2;CMP003
ORD002192;CUST0101;PRD041;6.6.2024;3;116,18;No;;348,54;No Campaign
ORD002221;CUST0182;PRD013;13.3.2024;1;46,11;Yes;15;39,19;No Campaign
ORD000171;CUST0211;PRD006;24.2.2024;2;25,77;Yes;30;36,08;CMP003
ORD000909;CUST0015;PRD003;10.6.2024;1;54,5;Yes;25;40,88;CMP003
ORD000275;CUST0214;PRD032;7.10.2024;3;96,29;Yes;20;231,1;CMP002
ORD000949;CUST0221;PRD023;21.7.2024;1;26,66;No;;26,66;No Campaign
ORD000668;CUST0030;PRD008;28.12.2024;3;34,35;Yes;25;77,29;CMP006
ORD000767;CUST0106;PRD004;15.11.2024;3;110,52;Yes;30;232,09;No Campaign
ORD001346;CUST0202;PRD004;13.9.2024;2;110,52;No;;221,04;No Campaign
ORD002344;CUST0114;PRD006;24.3.2024;1;25,77;No;;25,77;CMP006
ORD000280;CUST0234;PRD024;29.5.2024;1;79,13;Yes;20;63,3;CMP007
ORD001782;CUST0259;PRD049;17.11.2024;1;80,98;Yes;15;68,83;CMP003
ORD002195;CUST0131;PRD047;9.2.2024;1;38,8;No;;38,8;CMP004
ORD001035;CUST0140;PRD031;8.10.2024;1;50,82;No;;50,82;CMP006
ORD002222;CUST0163;PRD027;11.9.2024;2;89,36;Yes;30;125,1;No Campaign
ORD002030;CUST0197;PRD052;13.1.2024;2;23,84;No;;47,68;No Campaign
ORD000943;CUST0194;PRD039;8.4.2024;1;98,45;Yes;30;68,92;CMP003
ORD000600;CUST0218;PRD055;13.9.2024;2;146,19;No;;292,38;No Campaign
ORD001545;CUST0257;PRD036;3.9.2024;1;132,58;No;;132,58;CMP002
ORD001260;CUST0041;PRD023;15.4.2024;3;26,66;Yes;25;59,99;No Campaign
ORD002051;CUST0231;PRD004;8.10.2024;2;110,52;No;;221,04;No Campaign
ORD001316;CUST0009;PRD013;5.7.2024;1;46,11;No;;46,11;No Campaign
ORD000039;CUST0052;PRD051;27.12.2024;1;103,2;No;;103,2;CMP001
ORD001311;CUST0014;PRD055;30.7.2024;3;146,19;No;;438,57;CMP008
ORD002002;CUST0070;PRD039;30.6.2024;1;98,45;Yes;25;73,84;No Campaign
ORD002181;CUST0160;PRD027;1.8.2024;2;89,36;No;;178,72;CMP004
ORD001145;CUST0037;PRD039;26.9.2024;1;98,45;Yes;25;73,84;No Campaign
ORD000788;CUST0233;PRD031;7.3.2024;1;50,82;No;;50,82;CMP006
ORD000433;CUST0212;PRD037;16.4.2024;1;44,58;No;;44,58;CMP004
ORD001569;CUST0023;PRD005;30.9.2024;1;114,73;Yes;15;97,52;No Campaign
ORD001449;CUST0225;PRD044;15.7.2024;1;38,28;No;;38,28;No Campaign
ORD002268;CUST0060;PRD033;7.4.2024;1;102,1;No;;102,1;CMP006
ORD000837;CUST0172;PRD019;30.8.2024;1;105,93;No;;105,93;CMP008
ORD002145;CUST0020;PRD010;4.3.2024;1;92,66;No;;92,66;No Campaign
ORD002006;CUST0156;PRD041;4.7.2024;3;116,18;No;;348,54;CMP002
ORD000476;CUST0195;PRD030;19.8.2024;1;94,16;No;;94,16;CMP002
ORD002047;CUST0037;PRD015;10.11.2024;2;111,98;No;;223,96;No Campaign
ORD000220;CUST0191;PRD021;27.5.2024;1;144,21;No;;144,21;No Campaign
ORD000192;CUST0028;PRD037;2.9.2024;1;44,58;Yes;25;33,44;CMP003
ORD000345;CUST0127;PRD010;24.4.2024;1;92,66;No;;92,66;CMP007
ORD002340;CUST0250;PRD008;25.3.2024;2;34,35;Yes;30;48,09;CMP001
ORD000780;CUST0251;PRD006;2.5.2024;3;25,77;No;;77,31;CMP004
ORD000238;CUST0231;PRD034;9.8.2024;3;97,71;No;;293,13;No Campaign
ORD002072;CUST0079;PRD039;31.3.2024;3;98,45;No;;295,35;CMP001
ORD000182;CUST0231;PRD012;9.1.2024;1;67,03;Yes;10;60,33;CMP008
ORD001847;CUST0007;PRD033;17.3.2024;3;102,1;No;;306,3;CMP007
ORD000834;CUST0168;PRD029;29.1.2024;2;124,45;No;;248,9;No Campaign
ORD001611;CUST0260;PRD045;5.8.2024;2;12,65;No;;25,3;CMP008
ORD001070;CUST0167;PRD003;31.3.2024;1;54,5;No;;54,5;CMP007
ORD001961;CUST0043;PRD018;19.4.2024;1;84,8;No;;84,8;CMP001
ORD000130;CUST0150;PRD043;20.4.2024;1;83,38;No;;83,38;CMP001
ORD001953;CUST0143;PRD040;8.6.2024;1;62,21;No;;62,21;No Campaign
ORD000545;CUST0201;PRD055;14.1.2024;1;146,19;No;;146,19;No Campaign
ORD001730;CUST0239;PRD007;12.9.2024;1;116,65;No;;116,65;No Campaign
ORD001507;CUST0259;PRD018;15.11.2024;2;84,8;No;;169,6;CMP008
ORD001450;CUST0157;PRD026;28.9.2024;1;140,08;No;;140,08;No Campaign
ORD001719;CUST0164;PRD054;29.8.2024;1;108,05;No;;108,05;No Campaign
ORD001636;CUST0196;PRD013;16.8.2024;1;46,11;No;;46,11;CMP002
ORD001482;CUST0028;PRD014;8.10.2024;1;19,71;Yes;10;17,74;CMP002
ORD000051;CUST0170;PRD025;17.7.2024;3;62,88;No;;188,64;CMP007
ORD002233;CUST0188;PRD005;5.11.2024;1;114,73;Yes;30;80,31;CMP004
ORD001695;CUST0056;PRD046;22.5.2024;1;74,72;No;;74,72;No Campaign
ORD000563;CUST0250;PRD023;12.9.2024;2;26,66;No;;53,32;No Campaign
ORD001267;CUST0193;PRD010;23.11.2024;2;92,66;No;;185,32;CMP001
ORD001785;CUST0163;PRD012;5.9.2024;1;67,03;No;;67,03;No Campaign
ORD002301;CUST0221;PRD034;31.3.2024;1;97,71;No;;97,71;No Campaign
ORD001351;CUST0258;PRD038;4.3.2024;1;73,83;No;;73,83;CMP005
ORD002360;CUST0012;PRD006;14.12.2024;3;25,77;No;;77,31;No Campaign
ORD001690;CUST0054;PRD021;20.8.2024;3;144,21;No;;432,63;CMP008
ORD002157;CUST0162;PRD038;6.10.2024;2;73,83;No;;147,66;No Campaign
ORD000793;CUST0105;PRD053;13.9.2024;1;12,65;No;;12,65;No Campaign
ORD001237;CUST0205;PRD001;11.4.2024;3;88,41;No;;265,23;CMP007
ORD000112;CUST0059;PRD049;7.10.2024;1;80,98;No;;80,98;CMP003
ORD001555;CUST0008;PRD030;19.12.2024;2;94,16;No;;188,32;No Campaign
ORD002332;CUST0003;PRD028;15.12.2024;3;114,4;Yes;30;240,24;No Campaign
ORD001917;CUST0034;PRD024;28.5.2024;1;79,13;No;;79,13;CMP005
ORD001829;CUST0142;PRD001;4.9.2024;1;88,41;Yes;20;70,73;CMP004
ORD000777;CUST0144;PRD046;17.7.2024;3;74,72;Yes;10;201,74;No Campaign
ORD001164;CUST0135;PRD025;25.3.2024;1;62,88;Yes;15;53,45;CMP004
ORD002153;CUST0173;PRD022;23.7.2024;1;36,13;Yes;30;25,29;No Campaign
ORD001952;CUST0089;PRD049;23.4.2024;1;80,98;Yes;25;60,74;CMP004
ORD002163;CUST0187;PRD045;29.12.2024;2;12,65;No;;25,3;CMP004
ORD000659;CUST0055;PRD024;10.12.2024;1;79,13;No;;79,13;CMP006
ORD001034;CUST0240;PRD053;17.7.2024;1;12,65;No;;12,65;No Campaign
ORD002359;CUST0134;PRD042;30.6.2024;2;77,36;Yes;20;123,78;No Campaign
ORD001669;CUST0076;PRD026;16.8.2024;1;140,08;No;;140,08;CMP003
ORD002327;CUST0158;PRD020;18.2.2024;2;44,96;No;;89,92;CMP001
ORD002361;CUST0167;PRD030;15.5.2024;1;94,16;No;;94,16;CMP008
ORD001196;CUST0095;PRD038;12.8.2024;1;73,83;No;;73,83;No Campaign
ORD002132;CUST0088;PRD029;17.10.2024;2;124,45;No;;248,9;CMP002
ORD002293;CUST0064;PRD037;3.7.2024;4;44,58;No;;178,32;No Campaign
ORD000031;CUST0199;PRD044;8.3.2024;1;38,28;Yes;15;32,54;No Campaign
ORD000041;CUST0072;PRD021;25.2.2024;1;144,21;No;;144,21;No Campaign
ORD002303;CUST0028;PRD028;8.1.2024;1;114,4;Yes;20;91,52;CMP001
ORD001266;CUST0178;PRD053;26.2.2024;3;12,65;No;;37,95;CMP008
ORD002038;CUST0050;PRD006;11.5.2024;3;25,77;No;;77,31;No Campaign
ORD001665;CUST0045;PRD040;27.12.2024;1;62,21;No;;62,21;CMP001
ORD001904;CUST0207;PRD047;13.11.2024;1;38,8;No;;38,8;No Campaign
ORD000737;CUST0232;PRD020;26.7.2024;3;44,96;No;;134,88;No Campaign
ORD000993;CUST0072;PRD002;9.9.2024;1;134,25;No;;134,25;CMP006
ORD001946;CUST0216;PRD033;29.12.2024;4;102,1;No;;408,4;No Campaign
ORD000980;CUST0086;PRD055;23.10.2024;2;146,19;No;;292,38;CMP005
ORD001168;CUST0225;PRD043;27.10.2024;2;83,38;Yes;;166,76;CMP006
ORD000018;CUST0014;PRD034;10.6.2024;1;97,71;Yes;20;78,17;No Campaign
ORD001437;CUST0208;PRD042;29.1.2024;2;77,36;Yes;20;123,78;No Campaign
ORD002204;CUST0252;PRD002;11.8.2024;3;134,25;No;;402,75;CMP006
ORD000974;CUST0179;PRD021;3.12.2024;1;144,21;Yes;30;100,95;CMP004
ORD000809;CUST0065;PRD052;4.1.2024;2;23,84;No;;47,68;No Campaign
ORD000591;CUST0260;PRD030;16.8.2024;1;94,16;No;;94,16;No Campaign
ORD000575;CUST0049;PRD009;15.4.2024;1;82,74;No;;82,74;No Campaign
ORD000084;CUST0063;PRD046;9.10.2024;1;74,72;No;;74,72;No Campaign
ORD000228;CUST0041;PRD049;11.10.2024;3;80,98;No;;242,94;CMP002
ORD001726;CUST0065;PRD038;6.3.2024;1;73,83;No;;73,83;CMP004
ORD000643;CUST0063;PRD014;14.12.2024;1;19,71;No;;19,71;CMP007
ORD000792;CUST0092;PRD034;18.1.2024;2;97,71;Yes;10;175,88;No Campaign
ORD001696;CUST0220;PRD017;24.11.2024;1;94,18;No;;94,18;No Campaign
ORD001187;CUST0150;PRD055;25.9.2024;4;146,19;No;;584,76;No Campaign
ORD001920;CUST0216;PRD038;19.6.2024;1;73,83;No;;73,83;CMP008
ORD001940;CUST0020;PRD052;17.6.2024;2;23,84;No;;47,68;CMP002
ORD002373;CUST0054;PRD051;26.3.2024;1;103,2;No;;103,2;CMP004
ORD001131;CUST0139;PRD018;21.11.2024;1;84,8;Yes;20;67,84;CMP003
ORD002334;CUST0075;PRD001;25.7.2024;1;88,41;No;;88,41;No Campaign
ORD002008;CUST0259;PRD051;17.5.2024;1;103,2;No;;103,2;CMP004
ORD002114;CUST0145;PRD048;4.3.2024;1;21,47;No;;21,47;No Campaign
ORD001199;CUST0082;PRD029;16.11.2024;1;124,45;No;;124,45;CMP002
ORD001202;CUST0007;PRD022;12.7.2024;1;36,13;No;;36,13;CMP003
ORD000885;CUST0193;PRD010;19.2.2024;3;92,66;No;;277,98;No Campaign
ORD001495;CUST0203;PRD033;20.4.2024;3;102,1;Yes;15;260,36;CMP003
ORD000721;CUST0134;PRD008;12.10.2024;1;34,35;No;;34,35;CMP005
ORD002067;CUST0040;PRD023;10.12.2024;2;26,66;No;;53,32;No Campaign
ORD001520;CUST0018;PRD032;3.2.2024;1;96,29;No;;96,29;No Campaign
ORD002106;CUST0086;PRD023;15.10.2024;4;26,66;No;;106,64;CMP005
ORD001587;CUST0242;PRD005;9.8.2024;2;114,73;No;;229,46;No Campaign
ORD000410;CUST0190;PRD019;13.1.2024;1;105,93;Yes;15;90,04;CMP007
ORD000452;CUST0203;PRD030;14.7.2024;1;94,16;Yes;30;65,91;CMP005
ORD002053;CUST0255;PRD050;2.11.2024;1;31,99;No;;31,99;CMP003
ORD001116;CUST0192;PRD008;4.9.2024;2;34,35;No;;68,7;No Campaign
ORD000285;CUST0227;PRD004;2.8.2024;3;110,52;No;;331,56;CMP002
ORD000887;CUST0026;PRD038;26.1.2024;1;73,83;Yes;15;62,76;No Campaign
ORD002018;CUST0117;PRD005;1.12.2024;3;114,73;No;;344,19;CMP008
ORD000612;CUST0067;PRD030;16.6.2024;2;94,16;No;;188,32;CMP001
ORD001813;CUST0076;PRD052;22.9.2024;1;23,84;Yes;25;17,88;CMP007
ORD000184;CUST0038;PRD041;4.7.2024;1;116,18;No;;116,18;CMP004
ORD001558;CUST0207;PRD018;8.5.2024;1;84,8;Yes;25;63,6;No Campaign
ORD000118;CUST0045;PRD006;20.1.2024;3;25,77;No;;77,31;CMP005
ORD001888;CUST0105;PRD012;15.10.2024;1;67,03;Yes;25;50,27;CMP001
ORD001094;CUST0192;PRD032;4.10.2024;3;96,29;Yes;25;216,65;No Campaign
ORD000385;CUST0129;PRD034;11.6.2024;1;97,71;Yes;20;78,17;CMP005
ORD001325;CUST0160;PRD013;30.8.2024;3;46,11;Yes;30;96,83;No Campaign
ORD000554;CUST0083;PRD005;5.8.2024;1;114,73;No;;114,73;CMP001
ORD000959;CUST0015;PRD033;16.5.2024;1;102,1;No;;102,1;No Campaign
ORD000088;CUST0170;PRD054;29.6.2024;1;108,05;Yes;15;91,84;No Campaign
ORD002054;CUST0115;PRD009;15.4.2024;1;82,74;No;;82,74;CMP003
ORD000703;CUST0185;PRD034;7.10.2024;1;97,71;Yes;25;73,28;No Campaign
ORD000426;CUST0017;PRD036;29.5.2024;4;132,58;No;;530,32;CMP003
ORD002316;CUST0257;PRD012;26.5.2024;1;67,03;No;;67,03;No Campaign
ORD001095;CUST0140;PRD026;23.3.2024;1;140,08;No;;140,08;No Campaign
ORD000742;CUST0191;PRD003;25.7.2024;1;54,5;No;;54,5;CMP007
ORD000038;CUST0079;PRD051;15.9.2024;3;103,2;No;;309,6;CMP005
ORD001024;CUST0037;PRD033;21.8.2024;4;102,1;No;;408,4;CMP007
ORD000577;CUST0259;PRD006;6.9.2024;3;25,77;No;;77,31;CMP002
ORD001334;CUST0118;PRD024;5.1.2024;1;79,13;No;;79,13;CMP003
ORD001889;CUST0008;PRD039;30.5.2024;1;98,45;No;;98,45;No Campaign
ORD001189;CUST0030;PRD049;8.3.2024;1;80,98;No;;80,98;CMP005
ORD001717;CUST0205;PRD042;4.4.2024;1;77,36;Yes;10;69,62;No Campaign
ORD000451;CUST0089;PRD036;31.5.2024;3;132,58;Yes;25;298,31;No Campaign
ORD001453;CUST0093;PRD014;24.3.2024;2;19,71;Yes;25;29,57;No Campaign
ORD001921;CUST0059;PRD051;2.8.2024;1;103,2;Yes;20;82,56;No Campaign
ORD001816;CUST0130;PRD023;30.9.2024;1;26,66;No;;26,66;CMP008
ORD000810;CUST0238;PRD011;30.11.2024;1;141,07;Yes;10;126,96;CMP004
ORD002060;CUST0048;PRD031;28.2.2024;2;50,82;No;;101,64;CMP003
ORD000741;CUST0122;PRD030;18.12.2024;2;94,16;No;;188,32;No Campaign
ORD000756;CUST0053;PRD027;16.6.2024;3;89,36;Yes;20;214,46;No Campaign
ORD000889;CUST0114;PRD046;15.10.2024;3;74,72;No;;224,16;CMP008
ORD001385;CUST0234;PRD031;11.9.2024;2;50,82;No;;101,64;No Campaign
ORD002242;CUST0071;PRD036;16.12.2024;2;132,58;No;;265,16;No Campaign
ORD001443;CUST0153;PRD031;9.3.2024;1;50,82;Yes;15;43,2;No Campaign
ORD001220;CUST0063;PRD016;17.4.2024;1;77,06;No;;77,06;CMP003
ORD001235;CUST0087;PRD019;17.6.2024;1;105,93;No;;105,93;CMP003
ORD000941;CUST0185;PRD012;8.6.2024;1;67,03;No;;67,03;No Campaign
ORD002347;CUST0091;PRD028;8.10.2024;1;114,4;No;;114,4;CMP004
ORD001388;CUST0126;PRD036;1.6.2024;1;132,58;No;;132,58;CMP004
ORD000189;CUST0174;PRD027;1.2.2024;2;89,36;No;;178,72;CMP001
ORD000473;CUST0162;PRD053;1.3.2024;4;12,65;Yes;10;45,54;CMP004
ORD001805;CUST0119;PRD001;20.4.2024;1;88,41;No;;88,41;CMP008
ORD001238;CUST0027;PRD025;16.1.2024;1;62,88;Yes;25;47,16;CMP002
ORD001377;CUST0132;PRD022;1.1.2024;2;36,13;Yes;10;65,03;No Campaign
ORD000995;CUST0256;PRD034;28.6.2024;1;97,71;No;;97,71;No Campaign
ORD002208;CUST0254;PRD004;14.9.2024;1;110,52;Yes;25;82,89;No Campaign
ORD001641;CUST0110;PRD007;13.3.2024;1;116,65;No;;116,65;No Campaign
ORD001463;CUST0007;PRD013;13.4.2024;3;46,11;No;;138,33;CMP001
ORD002209;CUST0195;PRD027;9.2.2024;1;89,36;Yes;15;75,96;CMP007
ORD001090;CUST0187;PRD027;16.6.2024;1;89,36;No;;89,36;No Campaign
ORD000816;CUST0260;PRD019;27.11.2024;1;105,93;No;;105,93;CMP003
ORD000926;CUST0154;PRD016;30.4.2024;1;77,06;Yes;20;61,65;CMP002
ORD000614;CUST0166;PRD018;11.12.2024;1;84,8;Yes;15;72,08;No Campaign
ORD001754;CUST0144;PRD003;13.7.2024;2;54,5;No;;109;No Campaign
ORD001409;CUST0202;PRD045;29.8.2024;2;12,65;Yes;30;17,71;No Campaign
ORD000436;CUST0099;PRD020;21.4.2024;1;44,96;No;;44,96;CMP007
ORD002386;CUST0053;PRD005;8.5.2024;1;114,73;No;;114,73;CMP005
ORD000754;CUST0226;PRD001;13.10.2024;1;88,41;No;;88,41;CMP002
ORD000535;CUST0236;PRD036;11.10.2024;1;132,58;Yes;10;119,32;No Campaign
ORD000557;CUST0130;PRD028;5.3.2024;3;114,4;No;;343,2;CMP006
ORD002064;CUST0019;PRD049;20.11.2024;4;80,98;No;;323,92;No Campaign
ORD001376;CUST0246;PRD026;15.7.2024;2;140,08;No;;280,16;No Campaign
ORD002121;CUST0045;PRD024;1.6.2024;3;79,13;No;;237,39;CMP001
ORD001749;CUST0025;PRD010;30.6.2024;2;92,66;No;;185,32;CMP007
ORD002177;CUST0149;PRD014;29.6.2024;1;19,71;Yes;10;17,74;CMP007
ORD000166;CUST0120;PRD023;14.8.2024;2;26,66;No;;53,32;No Campaign
ORD000964;CUST0205;PRD046;22.12.2024;2;74,72;No;;149,44;No Campaign
ORD000603;CUST0218;PRD002;26.1.2024;2;134,25;Yes;30;187,95;No Campaign
ORD001919;CUST0225;PRD003;26.4.2024;2;54,5;No;;109;CMP003
ORD002099;CUST0095;PRD030;24.12.2024;1;94,16;No;;94,16;CMP005
ORD001318;CUST0138;PRD021;17.3.2024;1;144,21;No;;144,21;No Campaign
ORD000104;CUST0028;PRD035;26.12.2024;1;105,18;Yes;20;84,14;No Campaign
ORD000351;CUST0063;PRD017;2.3.2024;1;94,18;No;;94,18;No Campaign
ORD001174;CUST0250;PRD028;18.2.2024;2;114,4;Yes;30;160,16;CMP004
ORD000856;CUST0117;PRD031;6.3.2024;1;50,82;Yes;15;43,2;No Campaign
ORD000833;CUST0186;PRD053;5.1.2024;1;12,65;Yes;30;8,86;CMP001
ORD001910;CUST0064;PRD007;29.6.2024;3;116,65;No;;349,95;CMP005
ORD001737;CUST0093;PRD046;7.6.2024;2;74,72;No;;149,44;CMP007
ORD002356;CUST0070;PRD036;18.6.2024;1;132,58;No;;132,58;CMP002
ORD002392;CUST0109;PRD019;13.2.2024;1;105,93;No;;105,93;CMP006
ORD001700;CUST0047;PRD019;17.3.2024;3;105,93;No;;317,79;No Campaign
ORD000361;CUST0062;PRD026;3.8.2024;3;140,08;No;;420,24;CMP007
ORD000281;CUST0023;PRD010;27.2.2024;1;92,66;Yes;15;78,76;CMP005
ORD000330;CUST0250;PRD030;4.7.2024;1;94,16;No;;94,16;CMP004
ORD000121;CUST0258;PRD010;8.8.2024;1;92,66;No;;92,66;CMP007
ORD002325;CUST0237;PRD041;2.5.2024;2;116,18;Yes;30;162,65;No Campaign
ORD001891;CUST0196;PRD052;28.4.2024;1;23,84;No;;23,84;No Campaign
ORD000014;CUST0116;PRD016;17.2.2024;2;77,06;No;;154,12;No Campaign
ORD001923;CUST0145;PRD006;9.11.2024;1;25,77;No;;25,77;CMP007
ORD001436;CUST0166;PRD012;14.3.2024;1;67,03;No;;67,03;No Campaign
ORD001018;CUST0156;PRD036;29.9.2024;3;132,58;Yes;20;318,19;No Campaign
ORD001158;CUST0076;PRD039;13.2.2024;1;98,45;Yes;20;78,76;CMP007
ORD001319;CUST0208;PRD045;18.8.2024;2;12,65;No;;25,3;No Campaign
ORD002016;CUST0065;PRD029;5.6.2024;1;124,45;No;;124,45;No Campaign
ORD000604;CUST0003;PRD032;27.3.2024;2;96,29;No;;192,58;No Campaign
ORD001621;CUST0213;PRD014;23.12.2024;1;19,71;No;;19,71;CMP008
ORD002175;CUST0134;PRD013;1.2.2024;3;46,11;No;;138,33;CMP008
ORD001858;CUST0182;PRD013;21.2.2024;1;46,11;No;;46,11;CMP004
ORD002201;CUST0180;PRD002;10.7.2024;2;134,25;Yes;10;241,65;CMP008
ORD000497;CUST0139;PRD049;20.6.2024;1;80,98;Yes;10;72,88;No Campaign
ORD001668;CUST0125;PRD044;1.12.2024;1;38,28;No;;38,28;No Campaign
ORD000257;CUST0216;PRD011;20.7.2024;1;141,07;No;;141,07;CMP007
ORD001644;CUST0020;PRD055;13.6.2024;1;146,19;No;;146,19;CMP004
ORD002319;CUST0244;PRD018;16.11.2024;1;84,8;No;;84,8;No Campaign
ORD001745;CUST0112;PRD032;17.2.2024;2;96,29;No;;192,58;CMP004
ORD001359;CUST0129;PRD020;12.4.2024;1;44,96;No;;44,96;No Campaign
ORD000030;CUST0069;PRD015;12.9.2024;1;111,98;No;;111,98;No Campaign
ORD000567;CUST0076;PRD010;5.12.2024;3;92,66;Yes;25;208,49;CMP007
ORD000032;CUST0217;PRD027;16.6.2024;2;89,36;No;;178,72;CMP003
ORD001497;CUST0080;PRD010;28.2.2024;1;92,66;Yes;20;74,13;CMP004
ORD002057;CUST0047;PRD030;23.5.2024;1;94,16;Yes;15;80,04;No Campaign
ORD002322;CUST0049;PRD046;7.1.2024;1;74,72;No;;74,72;CMP001
ORD001065;CUST0203;PRD020;27.12.2024;2;44,96;No;;89,92;No Campaign
ORD000017;CUST0037;PRD031;17.4.2024;1;50,82;No;;50,82;CMP004
ORD000918;CUST0145;PRD018;13.8.2024;2;84,8;Yes;30;118,72;No Campaign
ORD000684;CUST0168;PRD011;1.9.2024;1;141,07;No;;141,07;CMP002
ORD001402;CUST0176;PRD043;7.10.2024;3;83,38;No;;250,14;CMP001
ORD001265;CUST0063;PRD039;7.5.2024;2;98,45;Yes;25;147,68;CMP005
ORD001993;CUST0165;PRD039;16.7.2024;3;98,45;No;;295,35;No Campaign
ORD001672;CUST0004;PRD035;4.4.2024;3;105,18;Yes;25;236,66;CMP005
ORD000692;CUST0121;PRD037;12.2.2024;2;44,58;No;;89,16;CMP008
ORD001808;CUST0081;PRD053;29.12.2024;2;12,65;No;;25,3;CMP004
ORD002190;CUST0206;PRD043;26.2.2024;1;83,38;No;;83,38;CMP004
ORD000536;CUST0170;PRD036;2.12.2024;1;132,58;No;;132,58;No Campaign
ORD001011;CUST0095;PRD043;12.1.2024;1;83,38;Yes;20;66,7;No Campaign
ORD001344;CUST0178;PRD005;5.10.2024;2;114,73;No;;229,46;CMP001
ORD001274;CUST0220;PRD054;6.12.2024;2;108,05;Yes;30;151,27;CMP004
ORD001439;CUST0195;PRD021;6.10.2024;2;144,21;No;;288,42;CMP002
ORD002270;CUST0188;PRD010;19.10.2024;1;92,66;No;;92,66;CMP007
ORD001287;CUST0065;PRD007;7.11.2024;2;116,65;No;;233,3;CMP001
ORD001943;CUST0004;PRD003;12.8.2024;2;54,5;No;;109;CMP002
ORD001988;CUST0120;PRD045;5.1.2024;1;12,65;Yes;30;8,86;No Campaign
ORD001474;CUST0168;PRD003;9.8.2024;1;54,5;No;;54,5;CMP003
ORD001352;CUST0122;PRD042;3.8.2024;1;77,36;No;;77,36;CMP006
ORD001800;CUST0060;PRD035;30.7.2024;1;105,18;Yes;10;94,66;No Campaign
ORD000169;CUST0241;PRD029;9.1.2024;1;124,45;No;;124,45;CMP002
ORD002280;CUST0079;PRD031;17.7.2024;1;50,82;Yes;30;35,57;No Campaign
ORD001005;CUST0158;PRD020;9.10.2024;1;44,96;No;;44,96;No Campaign
ORD001903;CUST0079;PRD036;9.2.2024;3;132,58;Yes;20;318,19;CMP007
ORD000194;CUST0241;PRD033;13.5.2024;1;102,1;Yes;25;76,58;CMP005
ORD002169;CUST0114;PRD022;23.7.2024;1;36,13;Yes;25;27,1;CMP006
ORD002271;CUST0078;PRD015;28.9.2024;2;111,98;No;;223,96;CMP008
ORD000564;CUST0135;PRD001;23.5.2024;1;88,41;Yes;20;70,73;CMP001
ORD001680;CUST0103;PRD005;28.2.2024;2;114,73;No;;229,46;CMP008
ORD000776;CUST0088;PRD050;12.9.2024;1;31,99;No;;31,99;CMP003
ORD001591;CUST0165;PRD029;27.7.2024;1;124,45;No;;124,45;CMP005
ORD000674;CUST0088;PRD036;24.10.2024;2;132,58;Yes;15;225,39;No Campaign
ORD000667;CUST0108;PRD042;15.9.2024;3;77,36;No;;232,08;No Campaign
ORD000144;CUST0049;PRD049;2.12.2024;1;80,98;No;;80,98;No Campaign
ORD000656;CUST0132;PRD036;20.6.2024;2;132,58;No;;265,16;CMP007
ORD000409;CUST0200;PRD031;29.10.2024;1;50,82;No;;50,82;CMP002
ORD000387;CUST0244;PRD005;28.8.2024;2;114,73;No;;229,46;No Campaign
ORD001059;CUST0213;PRD047;31.8.2024;1;38,8;No;;38,8;CMP004
ORD001471;CUST0198;PRD018;24.1.2024;1;84,8;Yes;25;63,6;No Campaign
ORD001692;CUST0124;PRD055;18.8.2024;3;146,19;No;;438,57;No Campaign
ORD000845;CUST0007;PRD036;22.1.2024;2;132,58;No;;265,16;No Campaign
ORD000696;CUST0065;PRD035;25.11.2024;1;105,18;Yes;15;89,4;CMP007
ORD000111;CUST0008;PRD050;10.1.2024;3;31,99;No;;95,97;No Campaign
ORD001183;CUST0048;PRD010;10.3.2024;1;92,66;No;;92,66;No Campaign
ORD001423;CUST0187;PRD055;16.6.2024;1;146,19;No;;146,19;No Campaign
ORD000701;CUST0244;PRD003;15.12.2024;1;54,5;No;;54,5;CMP004
ORD002144;CUST0254;PRD054;12.1.2024;2;108,05;Yes;15;183,69;CMP003
ORD000761;CUST0161;PRD012;6.5.2024;1;67,03;No;;67,03;No Campaign
ORD000751;CUST0014;PRD030;6.2.2024;1;94,16;No;;94,16;No Campaign
ORD000873;CUST0196;PRD019;5.6.2024;1;105,93;No;;105,93;CMP002
ORD001020;CUST0157;PRD036;22.7.2024;2;132,58;No;;265,16;CMP007
ORD001897;CUST0177;PRD027;30.9.2024;1;89,36;No;;89,36;No Campaign
ORD001190;CUST0204;PRD052;25.12.2024;2;23,84;Yes;25;35,76;CMP003
ORD001130;CUST0210;PRD008;5.3.2024;3;34,35;No;;103,05;CMP006
ORD000700;CUST0197;PRD040;31.1.2024;2;62,21;No;;124,42;No Campaign
ORD001250;CUST0040;PRD022;14.3.2024;1;36,13;Yes;25;27,1;No Campaign
ORD000629;CUST0114;PRD039;5.12.2024;2;98,45;No;;196,9;CMP004
ORD002286;CUST0226;PRD016;21.2.2024;3;77,06;Yes;10;208,06;CMP001
ORD000585;CUST0223;PRD039;22.10.2024;1;98,45;No;;98,45;No Campaign
ORD002309;CUST0167;PRD039;22.7.2024;1;98,45;Yes;10;88,61;No Campaign
ORD002362;CUST0215;PRD049;25.1.2024;1;80,98;No;;80,98;CMP004
ORD000857;CUST0215;PRD029;30.5.2024;3;124,45;Yes;30;261,35;No Campaign
ORD001926;CUST0106;PRD013;20.12.2024;1;46,11;No;;46,11;CMP004
ORD002062;CUST0019;PRD002;13.10.2024;1;134,25;Yes;25;100,69;No Campaign
ORD001777;CUST0210;PRD011;22.1.2024;2;141,07;Yes;25;211,61;CMP006
ORD000921;CUST0176;PRD044;17.7.2024;1;38,28;Yes;20;30,62;No Campaign
ORD000190;CUST0057;PRD030;20.3.2024;1;94,16;No;;94,16;No Campaign
ORD001965;CUST0112;PRD042;29.1.2024;1;77,36;Yes;10;69,62;No Campaign
ORD001762;CUST0247;PRD050;6.1.2024;4;31,99;No;;127,96;No Campaign
ORD001844;CUST0064;PRD054;12.2.2024;1;108,05;No;;108,05;No Campaign
ORD000821;CUST0209;PRD008;13.2.2024;2;34,35;No;;68,7;No Campaign
ORD001543;CUST0083;PRD027;23.3.2024;1;89,36;No;;89,36;No Campaign
ORD001269;CUST0036;PRD046;18.11.2024;1;74,72;No;;74,72;CMP007
ORD000972;CUST0019;PRD042;21.5.2024;1;77,36;No;;77,36;CMP002
ORD001534;CUST0132;PRD029;24.12.2024;1;124,45;No;;124,45;CMP007
ORD000863;CUST0258;PRD002;29.6.2024;1;134,25;No;;134,25;CMP008
ORD001243;CUST0030;PRD044;11.6.2024;2;38,28;No;;76,56;CMP005
ORD001652;CUST0179;PRD025;15.1.2024;1;62,88;No;;62,88;No Campaign
ORD001486;CUST0194;PRD052;30.10.2024;4;23,84;No;;95,36;CMP004
ORD000544;CUST0080;PRD034;4.1.2024;1;97,71;No;;97,71;No Campaign
ORD000830;CUST0118;PRD027;12.1.2024;3;89,36;No;;268,08;CMP002
ORD001485;CUST0038;PRD029;6.8.2024;1;124,45;No;;124,45;No Campaign
ORD000449;CUST0124;PRD004;19.2.2024;1;110,52;No;;110,52;CMP003
ORD002027;CUST0028;PRD032;1.12.2024;1;96,29;No;;96,29;CMP007
ORD000969;CUST0021;PRD049;26.1.2024;1;80,98;Yes;15;68,83;No Campaign
ORD001100;CUST0191;PRD021;1.3.2024;4;144,21;No;;576,84;No Campaign
ORD000928;CUST0132;PRD032;26.6.2024;1;96,29;No;;96,29;No Campaign
ORD001372;CUST0253;PRD027;25.11.2024;4;89,36;No;;357,44;No Campaign
ORD000719;CUST0154;PRD008;25.12.2024;1;34,35;No;;34,35;CMP004
ORD000246;CUST0056;PRD010;29.2.2024;2;92,66;Yes;15;157,52;No Campaign
ORD000698;CUST0252;PRD008;12.8.2024;2;34,35;Yes;10;61,83;CMP007
ORD000202;CUST0093;PRD004;4.5.2024;1;110,52;No;;110,52;CMP008
ORD000456;CUST0117;PRD012;19.4.2024;2;67,03;Yes;10;120,65;No Campaign
ORD001494;CUST0149;PRD022;17.3.2024;1;36,13;No;;36,13;CMP002
ORD002350;CUST0148;PRD044;30.1.2024;1;38,28;Yes;20;30,62;No Campaign
ORD001153;CUST0141;PRD048;14.7.2024;1;21,47;Yes;20;17,18;CMP003
ORD000117;CUST0054;PRD042;27.3.2024;2;77,36;No;;154,72;No Campaign
ORD002273;CUST0230;PRD018;22.1.2024;3;84,8;Yes;30;178,08;No Campaign
ORD001480;CUST0016;PRD001;18.10.2024;1;88,41;Yes;10;79,57;CMP001
ORD000851;CUST0086;PRD055;27.4.2024;3;146,19;No;;438,57;CMP003
ORD000732;CUST0155;PRD018;3.12.2024;3;84,8;No;;254,4;No Campaign
ORD000219;CUST0174;PRD011;25.12.2024;3;141,07;No;;423,21;CMP003
ORD000866;CUST0024;PRD033;22.4.2024;3;102,1;Yes;30;214,41;CMP003
ORD000107;CUST0145;PRD009;29.10.2024;2;82,74;No;;165,48;No Campaign
ORD002092;CUST0103;PRD009;17.10.2024;2;82,74;No;;165,48;CMP008
ORD002388;CUST0198;PRD020;29.12.2024;1;44,96;Yes;15;38,22;No Campaign
ORD002120;CUST0202;PRD049;25.4.2024;1;80,98;Yes;25;60,74;CMP004
ORD000206;CUST0019;PRD049;12.9.2024;3;80,98;No;;242,94;No Campaign
ORD002376;CUST0178;PRD011;30.3.2024;1;141,07;No;;141,07;No Campaign
ORD001288;CUST0179;PRD009;20.6.2024;1;82,74;Yes;20;66,19;No Campaign
ORD000782;CUST0008;PRD025;7.12.2024;1;62,88;No;;62,88;CMP005
ORD001300;CUST0013;PRD002;12.2.2024;1;134,25;Yes;25;100,69;No Campaign
ORD001869;CUST0173;PRD042;16.6.2024;3;77,36;Yes;15;197,27;CMP004
ORD000300;CUST0071;PRD043;1.4.2024;1;83,38;No;;83,38;CMP002
ORD001544;CUST0172;PRD021;15.8.2024;1;144,21;No;;144,21;No Campaign
ORD002009;CUST0138;PRD019;7.6.2024;1;105,93;Yes;20;84,74;No Campaign
ORD001466;CUST0241;PRD047;15.1.2024;4;38,8;No;;155,2;No Campaign
ORD001021;CUST0245;PRD042;31.8.2024;1;77,36;No;;77,36;CMP005
ORD001049;CUST0113;PRD017;15.11.2024;4;94,18;Yes;20;301,38;CMP002
ORD002223;CUST0217;PRD036;29.10.2024;2;132,58;No;;265,16;CMP001
ORD000998;CUST0160;PRD039;14.8.2024;1;98,45;No;;98,45;CMP004
ORD001137;CUST0076;PRD029;18.3.2024;1;124,45;Yes;20;99,56;CMP002
ORD001036;CUST0080;PRD017;31.7.2024;2;94,18;Yes;10;169,52;No Campaign
ORD000562;CUST0024;PRD054;18.8.2024;1;108,05;Yes;15;91,84;CMP003
ORD002133;CUST0029;PRD011;17.9.2024;1;141,07;Yes;15;119,91;No Campaign
ORD001528;CUST0115;PRD055;12.10.2024;3;146,19;No;;438,57;No Campaign
ORD001971;CUST0063;PRD031;15.5.2024;1;50,82;No;;50,82;CMP008
ORD001444;CUST0230;PRD033;18.8.2024;1;102,1;No;;102,1;No Campaign
ORD001484;CUST0077;PRD050;23.5.2024;2;31,99;No;;63,98;CMP001
ORD002365;CUST0123;PRD027;11.1.2024;1;89,36;No;;89,36;No Campaign
ORD001438;CUST0110;PRD039;24.8.2024;3;98,45;Yes;10;265,82;CMP002
ORD001799;CUST0184;PRD031;27.10.2024;1;50,82;Yes;10;45,74;No Campaign
ORD000301;CUST0074;PRD019;14.12.2024;2;105,93;No;;211,86;No Campaign
ORD002135;CUST0192;PRD054;3.9.2024;1;108,05;No;;108,05;CMP005
ORD000671;CUST0169;PRD018;2.4.2024;4;84,8;Yes;30;237,44;CMP005
ORD000584;CUST0182;PRD006;16.10.2024;1;25,77;Yes;10;23,19;CMP001
ORD001229;CUST0043;PRD024;6.10.2024;4;79,13;No;;316,52;No Campaign
ORD001625;CUST0114;PRD005;13.8.2024;1;114,73;Yes;30;80,31;No Campaign
ORD000216;CUST0254;PRD055;28.4.2024;1;146,19;No;;146,19;No Campaign
ORD002314;CUST0064;PRD003;19.4.2024;1;54,5;No;;54,5;CMP008
ORD000458;CUST0202;PRD055;31.8.2024;1;146,19;No;;146,19;CMP001
ORD001295;CUST0239;PRD032;22.1.2024;1;96,29;Yes;15;81,85;CMP005
ORD002102;CUST0222;PRD034;28.4.2024;1;97,71;No;;97,71;No Campaign
ORD001725;CUST0002;PRD040;11.2.2024;2;62,21;No;;124,42;CMP007
ORD002333;CUST0079;PRD038;13.4.2024;1;73,83;No;;73,83;CMP001
ORD000685;CUST0203;PRD002;15.1.2024;1;134,25;No;;134,25;CMP004
ORD000708;CUST0222;PRD003;22.2.2024;4;54,5;No;;218;CMP003
ORD002258;CUST0076;PRD048;3.7.2024;1;21,47;No;;21,47;No Campaign
ORD001918;CUST0151;PRD010;25.8.2024;2;92,66;Yes;20;148,26;CMP001
ORD001072;CUST0020;PRD011;10.3.2024;1;141,07;No;;141,07;CMP002
ORD001626;CUST0026;PRD046;22.1.2024;1;74,72;No;;74,72;CMP008
ORD000800;CUST0158;PRD042;18.7.2024;1;77,36;No;;77,36;CMP007
ORD001149;CUST0031;PRD049;25.2.2024;1;80,98;No;;80,98;No Campaign
ORD000114;CUST0224;PRD031;12.10.2024;1;50,82;No;;50,82;CMP006
ORD000568;CUST0245;PRD024;27.2.2024;1;79,13;Yes;20;63,3;No Campaign
ORD002287;CUST0088;PRD006;25.6.2024;2;25,77;No;;51,54;No Campaign
ORD000504;CUST0177;PRD053;28.12.2024;1;12,65;No;;12,65;CMP007
ORD000968;CUST0128;PRD008;28.5.2024;1;34,35;No;;34,35;CMP002
ORD001278;CUST0186;PRD003;1.6.2024;2;54,5;Yes;15;92,65;CMP006
ORD001347;CUST0202;PRD041;6.2.2024;1;116,18;No;;116,18;CMP007
ORD000981;CUST0078;PRD049;13.6.2024;1;80,98;Yes;20;64,78;No Campaign
ORD001697;CUST0041;PRD017;2.2.2024;1;94,18;No;;94,18;CMP008
ORD001128;CUST0183;PRD023;14.12.2024;1;26,66;No;;26,66;CMP004
ORD000193;CUST0075;PRD014;27.12.2024;1;19,71;No;;19,71;CMP005
ORD001937;CUST0086;PRD044;5.4.2024;1;38,28;Yes;15;32,54;CMP001
ORD000447;CUST0072;PRD036;6.4.2024;1;132,58;No;;132,58;CMP003
ORD001417;CUST0174;PRD037;2.4.2024;1;44,58;No;;44,58;CMP001
ORD000297;CUST0174;PRD009;30.3.2024;1;82,74;Yes;20;66,19;CMP006
ORD000317;CUST0252;PRD010;4.1.2024;2;92,66;Yes;30;129,72;CMP004
ORD000705;CUST0050;PRD009;26.3.2024;1;82,74;Yes;10;74,47;CMP007
ORD000772;CUST0251;PRD038;31.8.2024;1;73,83;No;;73,83;No Campaign
ORD000903;CUST0134;PRD017;27.1.2024;1;94,18;No;;94,18;No Campaign
ORD001336;CUST0160;PRD047;16.4.2024;1;38,8;No;;38,8;CMP005
ORD001015;CUST0215;PRD005;28.2.2024;1;114,73;No;;114,73;CMP005
ORD000528;CUST0064;PRD050;13.2.2024;1;31,99;No;;31,99;No Campaign
ORD000489;CUST0158;PRD027;12.12.2024;2;89,36;Yes;10;160,85;CMP002
ORD001350;CUST0153;PRD009;10.9.2024;4;82,74;No;;330,96;No Campaign
ORD000048;CUST0146;PRD031;9.12.2024;1;50,82;No;;50,82;CMP007
ORD002184;CUST0233;PRD026;17.6.2024;2;140,08;Yes;25;210,12;CMP005
ORD000902;CUST0150;PRD023;3.9.2024;3;26,66;No;;79,98;CMP006
ORD001973;CUST0014;PRD028;15.8.2024;1;114,4;No;;114,4;No Campaign
ORD002032;CUST0161;PRD031;1.2.2024;1;50,82;No;;50,82;CMP003
ORD001873;CUST0200;PRD001;19.4.2024;1;88,41;Yes;25;66,31;CMP008
ORD001412;CUST0113;PRD044;23.12.2024;1;38,28;No;;38,28;CMP008
ORD000680;CUST0016;PRD050;14.2.2024;1;31,99;No;;31,99;CMP003
ORD000616;CUST0233;PRD051;17.9.2024;1;103,2;Yes;30;72,24;No Campaign
ORD001043;CUST0093;PRD018;22.11.2024;1;84,8;Yes;25;63,6;No Campaign
ORD002123;CUST0085;PRD011;15.4.2024;3;141,07;Yes;15;359,73;CMP003
ORD000222;CUST0105;PRD035;29.4.2024;4;105,18;No;;420,72;CMP002
ORD001331;CUST0125;PRD035;6.5.2024;1;105,18;No;;105,18;CMP006
ORD002389;CUST0190;PRD027;2.8.2024;1;89,36;Yes;10;80,42;No Campaign
ORD000994;CUST0244;PRD001;22.12.2024;1;88,41;No;;88,41;CMP003
ORD002149;CUST0204;PRD046;18.7.2024;3;74,72;Yes;10;201,74;No Campaign
ORD000350;CUST0028;PRD050;26.12.2024;1;31,99;Yes;10;28,79;No Campaign
ORD001151;CUST0239;PRD041;11.7.2024;1;116,18;No;;116,18;No Campaign
ORD000551;CUST0252;PRD028;5.1.2024;1;114,4;No;;114,4;CMP003
ORD000418;CUST0213;PRD010;21.2.2024;1;92,66;Yes;30;64,86;No Campaign
ORD002041;CUST0147;PRD055;9.7.2024;2;146,19;No;;292,38;No Campaign
ORD001042;CUST0241;PRD003;23.6.2024;3;54,5;No;;163,5;No Campaign
ORD000045;CUST0020;PRD008;18.12.2024;1;34,35;No;;34,35;No Campaign
ORD000287;CUST0217;PRD003;23.12.2024;4;54,5;No;;218;No Campaign
ORD000589;CUST0242;PRD011;26.4.2024;2;141,07;No;;282,14;CMP005
ORD000356;CUST0116;PRD003;6.10.2024;1;54,5;Yes;;54,5;No Campaign
ORD000811;CUST0032;PRD020;8.4.2024;4;44,96;No;;179,84;CMP001
ORD001504;CUST0132;PRD013;26.3.2024;2;46,11;No;;92,22;CMP007
ORD001341;CUST0212;PRD041;28.10.2024;1;116,18;No;;116,18;CMP008
ORD001007;CUST0135;PRD003;22.12.2024;2;54,5;Yes;15;92,65;No Campaign
ORD001699;CUST0246;PRD031;17.10.2024;1;50,82;No;;50,82;No Campaign
ORD000794;CUST0257;PRD038;1.7.2024;1;73,83;Yes;20;59,06;No Campaign
ORD000179;CUST0169;PRD014;18.8.2024;1;19,71;No;;19,71;CMP002
ORD001009;CUST0201;PRD034;10.11.2024;1;97,71;No;;97,71;CMP001
ORD000846;CUST0216;PRD040;4.10.2024;1;62,21;Yes;10;55,99;No Campaign
ORD001554;CUST0006;PRD052;5.1.2024;1;23,84;No;;23,84;No Campaign
ORD001757;CUST0139;PRD051;31.12.2024;1;103,2;No;;103,2;CMP006
ORD001804;CUST0238;PRD032;11.7.2024;2;96,29;Yes;15;163,69;No Campaign
ORD001079;CUST0016;PRD023;20.4.2024;1;26,66;No;;26,66;CMP008
ORD001508;CUST0002;PRD039;23.7.2024;4;98,45;No;;393,8;CMP008
ORD002116;CUST0234;PRD026;3.6.2024;1;140,08;No;;140,08;No Campaign
ORD001227;CUST0242;PRD019;11.10.2024;1;105,93;Yes;20;84,74;No Campaign
ORD000582;CUST0068;PRD023;23.2.2024;2;26,66;No;;53,32;CMP005
ORD000252;CUST0182;PRD043;29.12.2024;2;83,38;No;;166,76;No Campaign
ORD001605;CUST0176;PRD015;24.10.2024;1;111,98;No;;111,98;CMP005
ORD001435;CUST0140;PRD047;19.9.2024;1;38,8;No;;38,8;No Campaign
ORD001380;CUST0054;PRD028;14.10.2024;3;114,4;No;;343,2;No Campaign
ORD000195;CUST0237;PRD002;28.6.2024;1;134,25;No;;134,25;No Campaign
ORD001791;CUST0001;PRD049;18.4.2024;3;80,98;Yes;10;218,65;No Campaign
ORD002267;CUST0052;PRD044;16.12.2024;2;38,28;No;;76,56;CMP008
ORD002255;CUST0044;PRD031;12.5.2024;1;50,82;No;;50,82;CMP001
ORD001721;CUST0203;PRD003;30.11.2024;2;54,5;No;;109;No Campaign
ORD001960;CUST0192;PRD045;28.1.2024;1;12,65;No;;12,65;CMP003
ORD000102;CUST0110;PRD008;28.9.2024;2;34,35;No;;68,7;CMP001
ORD000033;CUST0123;PRD027;1.8.2024;1;89,36;Yes;25;67,02;CMP003
ORD000946;CUST0073;PRD012;21.9.2024;3;67,03;No;;201,09;CMP006
ORD000687;CUST0157;PRD052;26.2.2024;3;23,84;No;;71,52;CMP001
ORD000726;CUST0078;PRD022;21.4.2024;2;36,13;Yes;25;54,2;CMP004
ORD000560;CUST0018;PRD018;9.1.2024;1;84,8;No;;84,8;No Campaign
ORD002049;CUST0181;PRD025;10.4.2024;1;62,88;Yes;15;53,45;No Campaign
ORD001631;CUST0083;PRD010;24.2.2024;3;92,66;Yes;25;208,49;CMP001
ORD001004;CUST0014;PRD018;28.3.2024;1;84,8;No;;84,8;No Campaign
ORD001440;CUST0136;PRD035;2.7.2024;1;105,18;No;;105,18;No Campaign
ORD000605;CUST0147;PRD028;20.7.2024;2;114,4;No;;228,8;CMP001
ORD000309;CUST0006;PRD054;22.12.2024;1;108,05;No;;108,05;CMP001
ORD001685;CUST0016;PRD019;4.7.2024;3;105,93;No;;317,79;No Campaign
ORD002377;CUST0224;PRD048;9.10.2024;2;21,47;No;;42,94;CMP001
ORD001524;CUST0165;PRD041;6.5.2024;1;116,18;Yes;30;81,33;No Campaign
ORD001942;CUST0150;PRD023;10.9.2024;2;26,66;No;;53,32;No Campaign
ORD000766;CUST0128;PRD034;2.7.2024;1;97,71;No;;97,71;CMP003
ORD001691;CUST0012;PRD037;2.2.2024;2;44,58;No;;89,16;No Campaign
ORD000185;CUST0242;PRD017;17.11.2024;1;94,18;No;;94,18;CMP004
ORD000407;CUST0044;PRD028;22.8.2024;2;114,4;Yes;10;205,92;No Campaign
ORD000912;CUST0045;PRD040;29.7.2024;1;62,21;No;;62,21;CMP006
ORD001050;CUST0024;PRD012;8.11.2024;1;67,03;No;;67,03;No Campaign
ORD001232;CUST0152;PRD032;30.1.2024;2;96,29;No;;192,58;CMP007
ORD002124;CUST0058;PRD040;23.3.2024;1;62,21;No;;62,21;CMP002
ORD000859;CUST0203;PRD012;15.10.2024;1;67,03;Yes;15;56,98;CMP003
ORD001527;CUST0160;PRD041;13.2.2024;1;116,18;No;;116,18;No Campaign
ORD001355;CUST0193;PRD053;2.7.2024;1;12,65;No;;12,65;No Campaign
ORD001632;CUST0184;PRD009;30.8.2024;1;82,74;Yes;25;62,06;CMP003
ORD001633;CUST0101;PRD002;26.1.2024;1;134,25;No;;134,25;CMP005
ORD001634;CUST0045;PRD019;4.10.2024;2;105,93;Yes;10;190,67;CMP005
ORD000666;CUST0231;PRD010;12.8.2024;1;92,66;No;;92,66;CMP004
ORD001575;CUST0225;PRD049;3.10.2024;1;80,98;No;;80,98;No Campaign
ORD001418;CUST0234;PRD043;19.8.2024;2;83,38;No;;166,76;No Campaign
ORD001958;CUST0229;PRD017;5.9.2024;1;94,18;Yes;25;70,64;CMP006
ORD000364;CUST0046;PRD044;18.6.2024;2;38,28;No;;76,56;CMP007
ORD000495;CUST0117;PRD037;2.3.2024;1;44,58;No;;44,58;No Campaign
ORD002300;CUST0039;PRD040;14.11.2024;1;62,21;Yes;20;49,77;No Campaign
ORD001393;CUST0161;PRD046;1.9.2024;3;74,72;Yes;30;156,91;CMP004
ORD000416;CUST0100;PRD037;12.8.2024;1;44,58;Yes;10;40,12;CMP006
ORD002246;CUST0112;PRD044;9.4.2024;1;38,28;No;;38,28;CMP007
ORD000062;CUST0113;PRD040;14.8.2024;2;62,21;Yes;25;93,32;CMP006
ORD001825;CUST0070;PRD035;27.3.2024;1;105,18;No;;105,18;CMP006
ORD000009;CUST0027;PRD021;27.7.2024;1;144,21;No;;144,21;No Campaign
ORD002382;CUST0020;PRD049;31.8.2024;1;80,98;Yes;10;72,88;CMP007
ORD000428;CUST0099;PRD036;3.9.2024;4;132,58;No;;530,32;No Campaign
ORD001997;CUST0194;PRD010;3.7.2024;1;92,66;Yes;25;69,5;No Campaign
ORD001870;CUST0079;PRD008;31.10.2024;2;34,35;No;;68,7;CMP005
ORD001394;CUST0223;PRD024;7.6.2024;3;79,13;No;;237,39;CMP005
ORD001308;CUST0026;PRD003;8.5.2024;4;54,5;No;;218;CMP005
ORD002056;CUST0054;PRD036;26.9.2024;1;132,58;Yes;15;112,69;No Campaign
ORD001670;CUST0095;PRD019;6.1.2024;1;105,93;Yes;10;95,34;CMP006
ORD001792;CUST0200;PRD004;15.12.2024;3;110,52;No;;331,56;No Campaign
ORD001784;CUST0012;PRD032;18.5.2024;3;96,29;No;;288,87;No Campaign
ORD000797;CUST0149;PRD002;26.3.2024;3;134,25;Yes;30;281,93;No Campaign
ORD001457;CUST0016;PRD020;4.7.2024;1;44,96;Yes;10;40,46;No Campaign
ORD001877;CUST0165;PRD049;30.7.2024;2;80,98;No;;161,96;CMP005
ORD002313;CUST0220;PRD039;13.9.2024;2;98,45;No;;196,9;No Campaign
ORD000295;CUST0159;PRD010;11.2.2024;1;92,66;No;;92,66;CMP008
ORD001834;CUST0254;PRD008;2.9.2024;2;34,35;No;;68,7;CMP006
ORD000211;CUST0181;PRD013;5.5.2024;1;46,11;No;;46,11;CMP006
ORD001048;CUST0058;PRD032;19.11.2024;1;96,29;Yes;10;86,66;CMP007
ORD002355;CUST0097;PRD022;29.3.2024;1;36,13;Yes;10;32,52;No Campaign
ORD001367;CUST0104;PRD055;30.10.2024;2;146,19;No;;292,38;CMP001
ORD000265;CUST0106;PRD025;12.5.2024;1;62,88;Yes;10;56,59;CMP008
ORD000654;CUST0032;PRD031;14.1.2024;3;50,82;Yes;30;106,72;CMP008
ORD001062;CUST0075;PRD051;13.12.2024;1;103,2;No;;103,2;CMP005
ORD001860;CUST0127;PRD004;3.1.2024;1;110,52;No;;110,52;No Campaign
ORD001234;CUST0086;PRD021;16.10.2024;2;144,21;Yes;15;245,16;CMP001
ORD000488;CUST0081;PRD052;29.7.2024;1;23,84;No;;23,84;No Campaign
ORD000005;CUST0032;PRD027;16.4.2024;1;89,36;No;;89,36;No Campaign
ORD001984;CUST0131;PRD040;13.3.2024;4;62,21;No;;248,84;CMP004
ORD001294;CUST0130;PRD017;29.6.2024;1;94,18;No;;94,18;CMP004
ORD000683;CUST0129;PRD023;13.11.2024;1;26,66;No;;26,66;CMP004
ORD001836;CUST0157;PRD054;4.10.2024;2;108,05;No;;216,1;No Campaign
ORD002055;CUST0117;PRD039;3.12.2024;1;98,45;No;;98,45;CMP006
ORD001025;CUST0233;PRD032;23.4.2024;2;96,29;No;;192,58;CMP008
ORD000015;CUST0216;PRD022;26.11.2024;3;36,13;Yes;30;75,87;No Campaign
ORD002179;CUST0078;PRD055;5.10.2024;1;146,19;Yes;20;116,95;No Campaign
ORD001363;CUST0259;PRD002;18.7.2024;1;134,25;No;;134,25;CMP004
ORD000366;CUST0020;PRD014;13.5.2024;1;19,71;No;;19,71;CMP003
ORD000548;CUST0109;PRD042;3.10.2024;1;77,36;Yes;15;65,76;CMP008
ORD001751;CUST0159;PRD029;10.10.2024;1;124,45;No;;124,45;No Campaign
ORD001428;CUST0204;PRD037;10.10.2024;1;44,58;No;;44,58;CMP007
ORD001476;CUST0249;PRD051;19.6.2024;1;103,2;Yes;15;87,72;CMP008
ORD001667;CUST0092;PRD015;30.8.2024;2;111,98;Yes;10;201,56;CMP005
ORD000520;CUST0182;PRD003;12.12.2024;3;54,5;No;;163,5;No Campaign
ORD000884;CUST0076;PRD024;10.9.2024;1;79,13;Yes;20;63,3;CMP003
ORD002220;CUST0136;PRD032;14.8.2024;2;96,29;No;;192,58;No Campaign
ORD000598;CUST0056;PRD006;20.3.2024;1;25,77;Yes;25;19,33;CMP003
ORD000162;CUST0037;PRD010;13.3.2024;1;92,66;No;;92,66;CMP006
ORD001382;CUST0097;PRD024;6.5.2024;2;79,13;No;;158,26;No Campaign
ORD001562;CUST0047;PRD004;23.1.2024;3;110,52;No;;331,56;No Campaign
ORD000100;CUST0204;PRD002;10.4.2024;2;134,25;Yes;30;187,95;CMP003
ORD000113;CUST0036;PRD038;6.12.2024;1;73,83;Yes;20;59,06;No Campaign
ORD001029;CUST0256;PRD048;24.12.2024;1;21,47;Yes;25;16,1;CMP003
ORD000042;CUST0192;PRD016;5.7.2024;2;77,06;Yes;30;107,88;No Campaign
ORD001076;CUST0107;PRD023;5.3.2024;1;26,66;Yes;15;22,66;CMP001
ORD001387;CUST0205;PRD002;9.12.2024;1;134,25;No;;134,25;CMP001
ORD001775;CUST0209;PRD020;4.10.2024;1;44,96;Yes;15;38,22;CMP007
ORD001994;CUST0238;PRD006;23.10.2024;1;25,77;No;;25,77;No Campaign
ORD000004;CUST0222;PRD023;12.11.2024;1;26,66;No;;26,66;CMP006
ORD002134;CUST0042;PRD014;17.4.2024;1;19,71;Yes;15;16,75;CMP008
ORD000153;CUST0256;PRD016;26.5.2024;2;77,06;No;;154,12;CMP004
ORD001092;CUST0187;PRD035;18.12.2024;1;105,18;No;;105,18;CMP005
ORD002288;CUST0154;PRD024;21.3.2024;1;79,13;Yes;10;71,22;No Campaign
ORD000147;CUST0131;PRD007;19.5.2024;2;116,65;No;;233,3;No Campaign
ORD001115;CUST0066;PRD025;17.11.2024;3;62,88;No;;188,64;CMP005
ORD002380;CUST0252;PRD025;22.8.2024;4;62,88;Yes;20;201,22;No Campaign
ORD001219;CUST0190;PRD038;30.8.2024;1;73,83;No;;73,83;No Campaign
ORD001268;CUST0050;PRD035;19.12.2024;1;105,18;No;;105,18;No Campaign
ORD001610;CUST0166;PRD048;29.8.2024;1;21,47;No;;21,47;No Campaign
ORD002262;CUST0176;PRD003;5.10.2024;1;54,5;Yes;15;46,33;CMP004
ORD001560;CUST0164;PRD017;2.6.2024;3;94,18;No;;282,54;No Campaign
ORD000105;CUST0160;PRD012;14.2.2024;1;67,03;No;;67,03;CMP003
ORD000858;CUST0241;PRD021;27.10.2024;1;144,21;No;;144,21;CMP001
ORD000550;CUST0098;PRD040;21.4.2024;1;62,21;Yes;10;55,99;CMP005
ORD002308;CUST0148;PRD024;20.5.2024;1;79,13;No;;79,13;CMP008
ORD000566;CUST0214;PRD048;9.7.2024;1;21,47;Yes;20;17,18;CMP002
ORD002082;CUST0168;PRD034;28.2.2024;2;97,71;Yes;30;136,79;CMP007
ORD002364;CUST0185;PRD034;1.7.2024;1;97,71;Yes;15;83,05;No Campaign
ORD000644;CUST0005;PRD040;16.10.2024;1;62,21;Yes;10;55,99;CMP005
ORD000649;CUST0135;PRD043;23.1.2024;2;83,38;Yes;10;150,08;No Campaign
ORD000255;CUST0088;PRD031;27.10.2024;1;50,82;No;;50,82;No Campaign
ORD000961;CUST0014;PRD044;13.3.2024;4;38,28;No;;153,12;CMP004
ORD001763;CUST0168;PRD013;28.3.2024;1;46,11;No;;46,11;No Campaign
ORD001823;CUST0223;PRD031;7.12.2024;2;50,82;No;;101,64;CMP006
ORD000868;CUST0071;PRD023;10.10.2024;1;26,66;Yes;25;20;No Campaign
ORD002154;CUST0015;PRD007;23.4.2024;1;116,65;No;;116,65;CMP002
ORD000725;CUST0085;PRD001;15.5.2024;1;88,41;No;;88,41;CMP007
ORD001856;CUST0110;PRD015;16.3.2024;1;111,98;No;;111,98;CMP005
ORD000021;CUST0195;PRD028;4.4.2024;1;114,4;No;;114,4;No Campaign
ORD001422;CUST0125;PRD021;1.1.2024;1;144,21;No;;144,21;No Campaign
ORD000727;CUST0075;PRD017;14.4.2024;1;94,18;No;;94,18;CMP007
ORD000445;CUST0163;PRD048;2.7.2024;1;21,47;Yes;20;17,18;CMP006
ORD001733;CUST0126;PRD033;31.12.2024;3;102,1;No;;306,3;No Campaign
ORD000989;CUST0211;PRD053;23.12.2024;1;12,65;No;;12,65;No Campaign
ORD000397;CUST0054;PRD002;10.12.2024;3;134,25;No;;402,75;No Campaign
ORD002073;CUST0058;PRD042;11.3.2024;2;77,36;Yes;30;108,3;CMP008
ORD002068;CUST0041;PRD042;4.3.2024;2;77,36;No;;154,72;No Campaign
ORD001216;CUST0124;PRD027;17.1.2024;4;89,36;No;;357,44;No Campaign
ORD001523;CUST0215;PRD050;23.11.2024;1;31,99;No;;31,99;CMP005
ORD002381;CUST0087;PRD054;10.2.2024;1;108,05;Yes;15;91,84;CMP004
ORD001551;CUST0209;PRD031;4.1.2024;1;50,82;No;;50,82;CMP008
ORD000534;CUST0234;PRD029;17.4.2024;1;124,45;No;;124,45;CMP007
ORD002385;CUST0146;PRD045;9.12.2024;1;12,65;No;;12,65;CMP006
ORD000849;CUST0085;PRD041;28.6.2024;1;116,18;Yes;25;87,14;CMP008
ORD000050;CUST0144;PRD031;18.5.2024;3;50,82;No;;152,46;CMP002
ORD001277;CUST0157;PRD045;27.10.2024;4;12,65;No;;50,6;CMP002
ORD000047;CUST0072;PRD023;27.9.2024;2;26,66;No;;53,32;CMP005
ORD001938;CUST0186;PRD051;8.6.2024;1;103,2;Yes;20;82,56;No Campaign
ORD000862;CUST0197;PRD003;28.11.2024;2;54,5;No;;109;CMP007
ORD002238;CUST0186;PRD048;26.9.2024;1;21,47;Yes;15;18,25;CMP001
ORD002393;CUST0116;PRD048;24.2.2024;2;21,47;Yes;25;32,21;No Campaign
ORD002112;CUST0059;PRD004;28.8.2024;1;110,52;No;;110,52;CMP006
ORD000403;CUST0224;PRD055;23.11.2024;2;146,19;No;;292,38;CMP001
ORD001114;CUST0002;PRD018;4.5.2024;1;84,8;No;;84,8;No Campaign
ORD000128;CUST0106;PRD008;6.7.2024;1;34,35;No;;34,35;CMP008
ORD000804;CUST0025;PRD007;11.2.2024;4;116,65;No;;466,6;No Campaign
ORD000276;CUST0249;PRD039;1.2.2024;1;98,45;No;;98,45;CMP004
ORD001501;CUST0028;PRD047;19.10.2024;3;38,8;No;;116,4;CMP007
ORD000288;CUST0008;PRD053;28.11.2024;2;12,65;Yes;10;22,77;CMP008
ORD000519;CUST0188;PRD013;17.3.2024;1;46,11;No;;46,11;CMP008
ORD002138;CUST0014;PRD031;23.4.2024;1;50,82;No;;50,82;CMP006
ORD000501;CUST0025;PRD003;26.9.2024;1;54,5;Yes;30;38,15;CMP008
ORD000595;CUST0132;PRD037;17.9.2024;3;44,58;No;;133,74;No Campaign
ORD000694;CUST0247;PRD036;3.9.2024;4;132,58;Yes;25;397,74;CMP005
ORD000796;CUST0227;PRD009;18.12.2024;1;82,74;No;;82,74;CMP001
ORD000316;CUST0012;PRD024;28.9.2024;3;79,13;No;;237,39;No Campaign
ORD002003;CUST0013;PRD021;23.2.2024;1;144,21;No;;144,21;CMP005
ORD001408;CUST0013;PRD034;14.7.2024;1;97,71;No;;97,71;No Campaign
ORD000360;CUST0027;PRD012;30.1.2024;3;67,03;No;;201,09;No Campaign
ORD000348;CUST0078;PRD001;30.10.2024;2;88,41;Yes;20;141,46;CMP002
ORD001291;CUST0085;PRD029;29.12.2024;4;124,45;No;;497,8;CMP006
ORD001724;CUST0188;PRD029;3.4.2024;1;124,45;Yes;10;112,01;No Campaign
ORD001710;CUST0082;PRD036;18.2.2024;1;132,58;No;;132,58;CMP001
ORD001843;CUST0159;PRD053;11.8.2024;1;12,65;No;;12,65;No Campaign
ORD000012;CUST0134;PRD055;27.5.2024;1;146,19;Yes;10;131,57;CMP001
ORD001099;CUST0115;PRD037;4.8.2024;1;44,58;No;;44,58;No Campaign
ORD001217;CUST0175;PRD043;22.9.2024;1;83,38;Yes;15;70,87;No Campaign
ORD000891;CUST0130;PRD041;9.2.2024;1;116,18;No;;116,18;No Campaign
ORD000177;CUST0192;PRD011;27.10.2024;1;141,07;Yes;20;112,86;No Campaign
ORD002130;CUST0034;PRD044;22.2.2024;1;38,28;No;;38,28;CMP001
ORD000071;CUST0197;PRD049;31.12.2024;3;80,98;No;;242,94;CMP008
ORD001107;CUST0182;PRD007;30.5.2024;2;116,65;No;;233,3;CMP005
ORD000175;CUST0036;PRD022;22.5.2024;1;36,13;Yes;15;30,71;CMP008
ORD000679;CUST0065;PRD047;29.6.2024;2;38,8;Yes;30;54,32;No Campaign
ORD002131;CUST0059;PRD055;13.7.2024;1;146,19;No;;146,19;CMP006
ORD000170;CUST0074;PRD007;18.3.2024;2;116,65;Yes;30;163,31;CMP002
ORD000440;CUST0095;PRD014;17.8.2024;4;19,71;No;;78,84;No Campaign
ORD000484;CUST0194;PRD053;14.8.2024;1;12,65;No;;12,65;No Campaign
ORD001681;CUST0043;PRD049;5.3.2024;1;80,98;No;;80,98;CMP005
ORD000274;CUST0155;PRD040;1.11.2024;1;62,21;No;;62,21;No Campaign
ORD002152;CUST0074;PRD049;26.8.2024;1;80,98;No;;80,98;CMP007
ORD001209;CUST0118;PRD014;18.6.2024;3;19,71;Yes;25;44,35;CMP002
ORD002211;CUST0154;PRD040;24.12.2024;1;62,21;Yes;15;52,88;CMP004
ORD000087;CUST0174;PRD052;21.8.2024;1;23,84;No;;23,84;CMP007
ORD001045;CUST0139;PRD007;3.7.2024;1;116,65;No;;116,65;No Campaign
ORD001211;CUST0004;PRD041;17.9.2024;1;116,18;Yes;25;87,14;No Campaign
ORD002248;CUST0084;PRD026;27.2.2024;2;140,08;Yes;25;210,12;No Campaign
ORD001432;CUST0103;PRD015;10.12.2024;3;111,98;Yes;30;235,16;CMP006
ORD001058;CUST0021;PRD052;22.3.2024;1;23,84;No;;23,84;No Campaign
ORD000556;CUST0249;PRD001;23.3.2024;2;88,41;Yes;20;141,46;No Campaign
ORD001203;CUST0148;PRD046;15.12.2024;2;74,72;No;;149,44;CMP007
ORD000905;CUST0188;PRD008;13.4.2024;1;34,35;No;;34,35;CMP005
ORD001200;CUST0020;PRD022;12.4.2024;1;36,13;No;;36,13;CMP008
ORD001980;CUST0100;PRD055;10.8.2024;2;146,19;Yes;15;248,52;CMP004
ORD001162;CUST0157;PRD001;24.12.2024;1;88,41;Yes;20;70,73;CMP001
ORD000559;CUST0045;PRD016;15.7.2024;1;77,06;No;;77,06;CMP007
ORD000770;CUST0236;PRD055;24.10.2024;1;146,19;No;;146,19;No Campaign
ORD001831;CUST0023;PRD032;29.5.2024;1;96,29;Yes;15;81,85;No Campaign
ORD000152;CUST0115;PRD014;5.1.2024;2;19,71;Yes;25;29,57;No Campaign
ORD001405;CUST0076;PRD007;13.4.2024;2;116,65;No;;233,3;No Campaign
ORD000526;CUST0096;PRD018;14.6.2024;1;84,8;No;;84,8;No Campaign
ORD000024;CUST0094;PRD018;8.4.2024;1;84,8;No;;84,8;No Campaign
ORD000625;CUST0233;PRD039;24.11.2024;4;98,45;Yes;30;275,66;CMP001
ORD001900;CUST0137;PRD014;6.5.2024;1;19,71;Yes;30;13,8;No Campaign
ORD001246;CUST0073;PRD035;4.1.2024;2;105,18;No;;210,36;CMP002
ORD000411;CUST0231;PRD045;5.11.2024;1;12,65;No;;12,65;No Campaign
ORD000072;CUST0243;PRD032;4.8.2024;2;96,29;Yes;30;134,81;CMP005
ORD002297;CUST0022;PRD032;8.11.2024;1;96,29;No;;96,29;No Campaign
ORD001302;CUST0073;PRD017;25.8.2024;2;94,18;Yes;30;131,85;CMP006
ORD000289;CUST0197;PRD044;24.12.2024;3;38,28;Yes;30;80,39;CMP006
ORD000913;CUST0218;PRD026;15.5.2024;3;140,08;No;;420,24;CMP005
ORD000467;CUST0182;PRD021;17.8.2024;1;144,21;No;;144,21;CMP006
ORD000840;CUST0095;PRD010;27.12.2024;1;92,66;No;;92,66;CMP002
ORD001516;CUST0093;PRD037;17.10.2024;1;44,58;No;;44,58;CMP003
ORD001327;CUST0238;PRD047;10.2.2024;2;38,8;Yes;20;62,08;CMP008
ORD000417;CUST0252;PRD006;22.11.2024;1;25,77;No;;25,77;CMP003
ORD000037;CUST0220;PRD029;24.7.2024;4;124,45;No;;497,8;No Campaign
ORD001143;CUST0102;PRD021;4.3.2024;3;144,21;No;;432,63;CMP005
ORD000367;CUST0189;PRD043;26.7.2024;1;83,38;No;;83,38;No Campaign
ORD000095;CUST0186;PRD020;1.1.2024;1;44,96;Yes;10;40,46;No Campaign
ORD000431;CUST0054;PRD019;12.9.2024;1;105,93;No;;105,93;No Campaign
ORD001608;CUST0063;PRD012;17.3.2024;2;67,03;No;;134,06;No Campaign
ORD002370;CUST0074;PRD016;5.12.2024;4;77,06;Yes;15;262;No Campaign
ORD001797;CUST0052;PRD017;11.6.2024;2;94,18;No;;188,36;No Campaign
ORD001795;CUST0259;PRD028;7.10.2024;1;114,4;No;;114,4;CMP007
ORD000691;CUST0055;PRD015;8.11.2024;1;111,98;Yes;25;83,99;CMP005
ORD002095;CUST0157;PRD004;18.8.2024;2;110,52;Yes;10;198,94;No Campaign
ORD001991;CUST0159;PRD011;10.9.2024;1;141,07;No;;141,07;No Campaign
ORD001769;CUST0060;PRD045;16.12.2024;2;12,65;No;;25,3;No Campaign
ORD001002;CUST0006;PRD021;3.11.2024;1;144,21;No;;144,21;CMP003
ORD001913;CUST0123;PRD028;26.4.2024;1;114,4;No;;114,4;No Campaign
ORD000067;CUST0161;PRD028;17.1.2024;1;114,4;Yes;15;97,24;CMP001
ORD001983;CUST0095;PRD018;12.9.2024;1;84,8;No;;84,8;CMP006
ORD000655;CUST0055;PRD032;2.8.2024;1;96,29;No;;96,29;CMP007
ORD000422;CUST0137;PRD030;23.7.2024;1;94,16;No;;94,16;No Campaign
ORD001239;CUST0194;PRD036;22.4.2024;3;132,58;Yes;20;318,19;CMP007
ORD001389;CUST0189;PRD053;20.9.2024;2;12,65;No;;25,3;CMP003
ORD000820;CUST0152;PRD009;20.8.2024;1;82,74;No;;82,74;No Campaign
ORD001865;CUST0233;PRD033;12.2.2024;2;102,1;No;;204,2;CMP001
ORD001649;CUST0206;PRD019;26.6.2024;4;105,93;Yes;15;360,16;CMP001
ORD000321;CUST0191;PRD046;11.4.2024;1;74,72;No;;74,72;No Campaign
ORD001088;CUST0035;PRD035;30.10.2024;4;105,18;Yes;10;378,65;No Campaign
ORD001956;CUST0118;PRD031;25.11.2024;1;50,82;No;;50,82;No Campaign
ORD001732;CUST0166;PRD033;27.8.2024;1;102,1;No;;102,1;CMP003
ORD002176;CUST0123;PRD018;24.12.2024;1;84,8;No;;84,8;No Campaign
ORD000896;CUST0176;PRD003;7.12.2024;1;54,5;No;;54,5;CMP008
ORD002352;CUST0109;PRD003;9.6.2024;1;54,5;No;;54,5;CMP008
ORD000932;CUST0193;PRD052;7.4.2024;3;23,84;Yes;25;53,64;CMP002
ORD001140;CUST0131;PRD015;8.6.2024;1;111,98;No;;111,98;CMP003
ORD000802;CUST0121;PRD033;6.12.2024;2;102,1;No;;204,2;No Campaign
ORD000198;CUST0135;PRD044;30.11.2024;4;38,28;Yes;15;130,15;No Campaign
ORD000697;CUST0031;PRD050;29.4.2024;4;31,99;No;;127,96;No Campaign
ORD002252;CUST0179;PRD036;25.2.2024;1;132,58;No;;132,58;No Campaign
ORD000139;CUST0045;PRD042;23.2.2024;1;77,36;No;;77,36;No Campaign
ORD002172;CUST0163;PRD002;9.3.2024;2;134,25;No;;268,5;CMP007
ORD000124;CUST0114;PRD032;14.10.2024;1;96,29;No;;96,29;CMP007
ORD001660;CUST0260;PRD001;15.6.2024;1;88,41;No;;88,41;CMP003
ORD001290;CUST0215;PRD001;15.3.2024;1;88,41;No;;88,41;No Campaign
ORD000731;CUST0212;PRD038;6.4.2024;1;73,83;No;;73,83;CMP003
ORD000653;CUST0106;PRD031;21.6.2024;1;50,82;No;;50,82;CMP002
ORD000374;CUST0187;PRD033;15.3.2024;3;102,1;Yes;15;260,36;No Campaign
ORD001702;CUST0026;PRD041;21.11.2024;1;116,18;No;;116,18;CMP005
ORD001299;CUST0127;PRD023;8.2.2024;1;26,66;No;;26,66;CMP007
ORD001579;CUST0122;PRD023;18.2.2024;2;26,66;Yes;10;47,99;CMP002
ORD000920;CUST0027;PRD032;8.2.2024;1;96,29;No;;96,29;CMP001
ORD002109;CUST0009;PRD027;10.6.2024;4;89,36;Yes;15;303,82;CMP008
ORD001682;CUST0162;PRD051;24.12.2024;1;103,2;Yes;10;92,88;No Campaign
ORD001826;CUST0092;PRD016;4.5.2024;1;77,06;Yes;15;65,5;No Campaign
ORD001752;CUST0089;PRD009;25.5.2024;2;82,74;No;;165,48;CMP002
ORD001479;CUST0245;PRD018;19.5.2024;3;84,8;Yes;25;190,8;CMP003
ORD000049;CUST0168;PRD021;17.2.2024;2;144,21;No;;288,42;CMP008
ORD001852;CUST0038;PRD003;9.7.2024;1;54,5;No;;54,5;CMP003
ORD002081;CUST0179;PRD006;5.3.2024;1;25,77;Yes;30;18,04;CMP005
ORD000601;CUST0108;PRD004;27.12.2024;2;110,52;No;;221,04;No Campaign
ORD000790;CUST0079;PRD034;1.12.2024;3;97,71;No;;293,13;No Campaign
ORD001601;CUST0236;PRD026;18.3.2024;2;140,08;Yes;15;238,14;No Campaign
ORD000141;CUST0217;PRD025;25.3.2024;1;62,88;No;;62,88;CMP002
ORD001675;CUST0150;PRD009;6.8.2024;1;82,74;No;;82,74;CMP006
ORD001585;CUST0081;PRD040;21.12.2024;1;62,21;Yes;25;46,66;No Campaign
ORD000043;CUST0143;PRD014;28.5.2024;1;19,71;Yes;30;13,8;CMP001
ORD000174;CUST0206;PRD044;16.6.2024;4;38,28;Yes;10;137,81;CMP003
ORD001132;CUST0014;PRD028;26.4.2024;2;114,4;No;;228,8;CMP006
ORD000253;CUST0232;PRD042;27.11.2024;1;77,36;No;;77,36;No Campaign
ORD001671;CUST0093;PRD007;30.12.2024;2;116,65;No;;233,3;CMP001
ORD001896;CUST0035;PRD037;7.12.2024;1;44,58;Yes;15;37,89;No Campaign
ORD000930;CUST0146;PRD022;16.4.2024;4;36,13;No;;144,52;No Campaign
ORD001075;CUST0191;PRD012;13.2.2024;2;67,03;No;;134,06;No Campaign
ORD001258;CUST0202;PRD029;28.10.2024;3;124,45;No;;373,35;No Campaign
ORD000269;CUST0129;PRD018;4.9.2024;1;84,8;No;;84,8;No Campaign
ORD001427;CUST0192;PRD052;24.5.2024;3;23,84;No;;71,52;No Campaign
ORD001410;CUST0200;PRD039;7.11.2024;1;98,45;No;;98,45;CMP002
ORD000549;CUST0139;PRD016;8.7.2024;2;77,06;No;;154,12;No Campaign
ORD000398;CUST0229;PRD014;29.8.2024;3;19,71;No;;59,13;CMP006
ORD001298;CUST0134;PRD039;18.5.2024;1;98,45;Yes;;98,45;CMP001
ORD002278;CUST0068;PRD027;23.11.2024;1;89,36;No;;89,36;CMP003
ORD002202;CUST0141;PRD040;2.3.2024;3;62,21;Yes;10;167,97;CMP005
ORD000498;CUST0219;PRD053;27.9.2024;1;12,65;No;;12,65;CMP006
ORD001111;CUST0171;PRD038;20.8.2024;2;73,83;No;;147,66;No Campaign
ORD001878;CUST0016;PRD053;18.11.2024;1;12,65;No;;12,65;CMP002
ORD001186;CUST0084;PRD023;17.7.2024;1;26,66;Yes;20;21,33;CMP004
ORD001259;CUST0198;PRD016;25.2.2024;1;77,06;No;;77,06;No Campaign
ORD001083;CUST0098;PRD054;10.12.2024;1;108,05;Yes;25;81,04;No Campaign
ORD000826;CUST0232;PRD028;10.7.2024;1;114,4;No;;114,4;CMP004
ORD000415;CUST0139;PRD036;13.7.2024;2;132,58;No;;265,16;CMP004
ORD000483;CUST0033;PRD052;9.8.2024;1;23,84;Yes;10;21,46;No Campaign
ORD001588;CUST0099;PRD028;14.5.2024;1;114,4;Yes;30;80,08;CMP004
ORD001379;CUST0004;PRD021;30.10.2024;2;144,21;Yes;30;201,89;CMP002
ORD000693;CUST0225;PRD051;29.5.2024;1;103,2;No;;103,2;CMP003
ORD001390;CUST0158;PRD027;21.9.2024;2;89,36;No;;178,72;CMP008
ORD000525;CUST0140;PRD044;13.6.2024;1;38,28;No;;38,28;CMP004
ORD000303;CUST0071;PRD039;15.10.2024;1;98,45;No;;98,45;CMP006
ORD000059;CUST0084;PRD046;15.8.2024;1;74,72;No;;74,72;No Campaign
ORD000736;CUST0163;PRD014;19.2.2024;3;19,71;No;;59,13;No Campaign
ORD000340;CUST0076;PRD023;16.7.2024;2;26,66;Yes;15;45,32;CMP006
ORD001603;CUST0080;PRD050;10.11.2024;1;31,99;No;;31,99;CMP004
ORD001063;CUST0077;PRD035;28.3.2024;1;105,18;No;;105,18;No Campaign
ORD001894;CUST0025;PRD022;22.1.2024;1;36,13;No;;36,13;CMP002
ORD000609;CUST0260;PRD039;25.11.2024;2;98,45;No;;196,9;No Campaign
ORD001404;CUST0198;PRD001;7.8.2024;4;88,41;No;;353,64;No Campaign
ORD001515;CUST0005;PRD004;24.5.2024;1;110,52;Yes;25;82,89;No Campaign
ORD000636;CUST0152;PRD049;22.5.2024;1;80,98;Yes;15;68,83;CMP008
ORD001793;CUST0194;PRD036;26.9.2024;2;132,58;No;;265,16;CMP003
ORD000013;CUST0202;PRD003;5.12.2024;1;54,5;Yes;10;49,05;CMP006
ORD002326;CUST0043;PRD034;16.9.2024;1;97,71;No;;97,71;CMP003
ORD002036;CUST0183;PRD024;23.8.2024;1;79,13;Yes;30;55,39;CMP006
ORD000720;CUST0147;PRD041;14.6.2024;1;116,18;Yes;25;87,14;No Campaign
ORD000874;CUST0030;PRD031;28.4.2024;1;50,82;Yes;15;43,2;No Campaign
ORD002000;CUST0222;PRD034;23.2.2024;1;97,71;No;;97,71;CMP006
ORD001706;CUST0240;PRD031;25.4.2024;2;50,82;No;;101,64;CMP003
ORD001552;CUST0216;PRD020;30.5.2024;1;44,96;No;;44,96;No Campaign
ORD000648;CUST0075;PRD031;9.9.2024;2;50,82;Yes;10;91,48;CMP005
ORD001421;CUST0163;PRD021;3.3.2024;4;144,21;Yes;30;403,79;No Campaign
ORD001098;CUST0061;PRD003;14.1.2024;1;54,5;Yes;30;38,15;No Campaign
ORD000251;CUST0218;PRD006;5.9.2024;1;25,77;No;;25,77;CMP006
ORD000628;CUST0073;PRD036;13.10.2024;1;132,58;No;;132,58;CMP002
ORD001596;CUST0080;PRD011;11.9.2024;2;141,07;No;;282,14;CMP001
ORD000263;CUST0125;PRD017;2.2.2024;2;94,18;Yes;15;160,11;No Campaign
ORD001038;CUST0003;PRD034;31.10.2024;4;97,71;No;;390,84;No Campaign
ORD000400;CUST0103;PRD052;30.8.2024;4;23,84;Yes;25;71,52;CMP007
ORD001647;CUST0228;PRD031;6.1.2024;2;50,82;Yes;30;71,15;No Campaign
ORD002335;CUST0053;PRD014;14.4.2024;3;19,71;No;;59,13;No Campaign
ORD000803;CUST0122;PRD021;31.7.2024;3;144,21;No;;432,63;No Campaign
ORD000221;CUST0018;PRD006;2.9.2024;1;25,77;No;;25,77;CMP004
ORD001977;CUST0134;PRD037;4.4.2024;1;44,58;No;;44,58;CMP001
ORD001051;CUST0248;PRD037;18.3.2024;1;44,58;Yes;15;37,89;No Campaign
ORD000908;CUST0121;PRD035;20.12.2024;1;105,18;No;;105,18;No Campaign
ORD000337;CUST0008;PRD015;17.8.2024;1;111,98;No;;111,98;CMP006
ORD000096;CUST0208;PRD031;11.1.2024;1;50,82;Yes;10;45,74;No Campaign
ORD001712;CUST0031;PRD025;29.11.2024;2;62,88;No;;125,76;CMP002
ORD001333;CUST0029;PRD010;30.11.2024;3;92,66;Yes;30;194,59;No Campaign
ORD001104;CUST0023;PRD045;8.3.2024;3;12,65;Yes;30;26,57;CMP006
ORD002015;CUST0178;PRD037;2.12.2024;1;44,58;Yes;25;33,44;CMP005
ORD002227;CUST0239;PRD037;16.4.2024;4;44,58;Yes;25;133,74;No Campaign
ORD002088;CUST0242;PRD014;10.9.2024;1;19,71;Yes;30;13,8;CMP005
ORD001845;CUST0057;PRD007;7.11.2024;2;116,65;Yes;10;209,97;CMP001
ORD000651;CUST0250;PRD035;5.5.2024;1;105,18;Yes;10;94,66;CMP006
ORD001604;CUST0219;PRD049;6.10.2024;1;80,98;No;;80,98;CMP005
ORD001600;CUST0046;PRD008;20.10.2024;3;34,35;No;;103,05;CMP004
ORD000199;CUST0173;PRD024;7.12.2024;1;79,13;No;;79,13;No Campaign
ORD000150;CUST0053;PRD042;25.3.2024;3;77,36;Yes;15;197,27;No Campaign
ORD001210;CUST0162;PRD053;5.1.2024;4;12,65;Yes;15;43,01;CMP005
ORD000085;CUST0055;PRD050;9.6.2024;1;31,99;No;;31,99;No Campaign
ORD001959;CUST0025;PRD051;30.8.2024;2;103,2;No;;206,4;CMP006
ORD000148;CUST0155;PRD019;14.1.2024;1;105,93;No;;105,93;CMP005
ORD000755;CUST0231;PRD041;8.7.2024;1;116,18;No;;116,18;No Campaign
ORD002383;CUST0089;PRD029;16.6.2024;2;124,45;No;;248,9;CMP006
ORD000744;CUST0051;PRD009;30.1.2024;3;82,74;No;;248,22;No Campaign
ORD001000;CUST0153;PRD044;26.10.2024;2;38,28;No;;76,56;CMP005
ORD001413;CUST0166;PRD018;22.7.2024;3;84,8;No;;254,4;CMP004
ORD000362;CUST0198;PRD026;2.9.2024;3;140,08;Yes;20;336,19;No Campaign
ORD001053;CUST0257;PRD001;2.8.2024;1;88,41;No;;88,41;CMP005
ORD002084;CUST0250;PRD027;9.1.2024;1;89,36;No;;89,36;CMP007
ORD002224;CUST0163;PRD002;21.7.2024;1;134,25;Yes;25;100,69;No Campaign
ORD000965;CUST0132;PRD017;19.5.2024;1;94,18;No;;94,18;No Campaign
ORD001017;CUST0030;PRD025;8.11.2024;1;62,88;No;;62,88;CMP004
ORD001431;CUST0089;PRD012;10.5.2024;1;67,03;No;;67,03;CMP002
ORD000652;CUST0025;PRD022;2.8.2024;2;36,13;No;;72,26;No Campaign
ORD000587;CUST0102;PRD026;26.2.2024;2;140,08;No;;280,16;CMP008
ORD001703;CUST0179;PRD029;18.1.2024;2;124,45;No;;248,9;CMP007
ORD001512;CUST0064;PRD030;14.8.2024;2;94,16;No;;188,32;No Campaign
ORD002161;CUST0199;PRD031;27.1.2024;1;50,82;No;;50,82;CMP001
ORD001241;CUST0150;PRD017;10.7.2024;2;94,18;Yes;20;150,69;CMP005
ORD000632;CUST0182;PRD012;20.6.2024;1;67,03;No;;67,03;CMP001
ORD001927;CUST0251;PRD009;20.7.2024;1;82,74;No;;82,74;No Campaign
ORD000740;CUST0050;PRD055;18.9.2024;3;146,19;No;;438,57;CMP005
ORD001180;CUST0182;PRD019;12.2.2024;1;105,93;No;;105,93;No Campaign
ORD001638;CUST0003;PRD033;18.10.2024;1;102,1;No;;102,1;CMP002
ORD002217;CUST0150;PRD022;16.12.2024;2;36,13;No;;72,26;CMP001
ORD001322;CUST0139;PRD046;12.4.2024;1;74,72;Yes;30;52,3;No Campaign
ORD000574;CUST0163;PRD020;21.4.2024;1;44,96;No;;44,96;CMP008
ORD001040;CUST0192;PRD019;23.2.2024;1;105,93;No;;105,93;CMP005
ORD000233;CUST0196;PRD001;23.6.2024;1;88,41;Yes;10;79,57;CMP005
ORD000379;CUST0173;PRD008;30.4.2024;1;34,35;No;;34,35;No Campaign
ORD001342;CUST0017;PRD010;19.9.2024;2;92,66;No;;185,32;No Campaign
ORD001452;CUST0164;PRD033;30.1.2024;3;102,1;No;;306,3;CMP007
ORD000570;CUST0239;PRD031;25.11.2024;2;50,82;Yes;10;91,48;CMP001
ORD000277;CUST0001;PRD002;2.9.2024;4;134,25;Yes;20;429,6;No Campaign
ORD000068;CUST0051;PRD014;15.3.2024;3;19,71;No;;59,13;CMP004
ORD002069;CUST0211;PRD018;13.1.2024;1;84,8;Yes;10;76,32;No Campaign
ORD001755;CUST0184;PRD001;25.6.2024;1;88,41;No;;88,41;CMP007
ORD000979;CUST0224;PRD050;26.8.2024;1;31,99;No;;31,99;CMP006
ORD000027;CUST0210;PRD055;3.7.2024;2;146,19;Yes;30;204,67;No Campaign
ORD001139;CUST0176;PRD002;8.10.2024;1;134,25;Yes;30;93,98;CMP004
ORD000663;CUST0211;PRD022;27.11.2024;2;36,13;No;;72,26;CMP002
ORD001835;CUST0098;PRD044;19.5.2024;1;38,28;No;;38,28;No Campaign
ORD002291;CUST0202;PRD027;2.4.2024;1;89,36;No;;89,36;CMP004
ORD000546;CUST0079;PRD003;6.12.2024;1;54,5;Yes;15;46,33;CMP007
ORD001374;CUST0131;PRD007;7.1.2024;1;116,65;Yes;25;87,49;CMP005
ORD001240;CUST0208;PRD030;12.11.2024;1;94,16;No;;94,16;CMP008
ORD001822;CUST0067;PRD009;16.6.2024;1;82,74;Yes;15;70,33;CMP001
ORD001995;CUST0023;PRD010;25.6.2024;2;92,66;No;;185,32;CMP001
ORD001204;CUST0127;PRD021;12.8.2024;1;144,21;No;;144,21;CMP008
ORD000594;CUST0156;PRD053;7.9.2024;1;12,65;Yes;20;10,12;CMP001
ORD001118;CUST0045;PRD005;29.4.2024;3;114,73;Yes;30;240,93;No Campaign
ORD000514;CUST0095;PRD003;13.1.2024;1;54,5;No;;54,5;CMP002
ORD000029;CUST0008;PRD006;23.12.2024;1;25,77;No;;25,77;CMP006
ORD000388;CUST0243;PRD012;4.9.2024;1;67,03;No;;67,03;CMP002
ORD001356;CUST0040;PRD015;14.11.2024;1;111,98;Yes;15;95,18;No Campaign
ORD001317;CUST0075;PRD013;28.1.2024;1;46,11;No;;46,11;CMP007
ORD000531;CUST0136;PRD005;14.5.2024;1;114,73;Yes;25;86,05;CMP002
ORD002104;CUST0031;PRD001;6.12.2024;2;88,41;Yes;20;141,46;No Campaign
ORD001629;CUST0095;PRD030;3.4.2024;1;94,16;Yes;10;84,74;CMP006
ORD001929;CUST0006;PRD022;9.6.2024;1;36,13;No;;36,13;CMP004
ORD000986;CUST0024;PRD036;4.8.2024;1;132,58;No;;132,58;CMP002
ORD000547;CUST0038;PRD028;4.2.2024;1;114,4;No;;114,4;CMP002
ORD001120;CUST0248;PRD018;19.12.2024;1;84,8;No;;84,8;CMP007
ORD000213;CUST0058;PRD030;16.8.2024;1;94,16;Yes;10;84,74;No Campaign
ORD000429;CUST0223;PRD018;21.12.2024;1;84,8;No;;84,8;CMP005
ORD002113;CUST0225;PRD053;29.3.2024;1;12,65;No;;12,65;CMP005
ORD000016;CUST0143;PRD045;1.7.2024;1;12,65;Yes;30;8,86;CMP007
ORD000865;CUST0229;PRD033;17.1.2024;2;102,1;Yes;20;163,36;CMP001
ORD002050;CUST0125;PRD026;15.11.2024;1;140,08;Yes;25;105,06;No Campaign
ORD001612;CUST0227;PRD048;17.5.2024;3;21,47;Yes;30;45,09;CMP005
ORD002156;CUST0155;PRD033;16.11.2024;1;102,1;No;;102,1;CMP008
ORD000425;CUST0104;PRD044;7.2.2024;1;38,28;Yes;25;28,71;CMP003
ORD000466;CUST0045;PRD035;5.8.2024;1;105,18;No;;105,18;No Campaign
ORD000168;CUST0082;PRD025;26.4.2024;3;62,88;Yes;20;150,91;CMP003
ORD000421;CUST0212;PRD003;1.7.2024;2;54,5;No;;109;No Campaign
ORD000730;CUST0085;PRD042;5.6.2024;2;77,36;No;;154,72;No Campaign
ORD001513;CUST0094;PRD013;25.5.2024;2;46,11;Yes;30;64,55;CMP006
ORD002026;CUST0156;PRD033;20.1.2024;1;102,1;No;;102,1;No Campaign
ORD000271;CUST0008;PRD017;22.9.2024;1;94,18;No;;94,18;CMP002
ORD000468;CUST0259;PRD016;2.10.2024;2;77,06;No;;154,12;CMP004
ORD001864;CUST0166;PRD033;12.10.2024;1;102,1;No;;102,1;No Campaign
ORD001223;CUST0131;PRD009;1.8.2024;1;82,74;No;;82,74;CMP007
ORD002200;CUST0103;PRD052;24.12.2024;2;23,84;Yes;20;38,14;No Campaign
ORD001846;CUST0187;PRD009;16.6.2024;1;82,74;No;;82,74;No Campaign
ORD000916;CUST0009;PRD021;27.10.2024;1;144,21;No;;144,21;No Campaign
ORD000077;CUST0218;PRD017;13.1.2024;2;94,18;Yes;10;169,52;No Campaign
ORD001821;CUST0182;PRD052;22.2.2024;1;23,84;Yes;15;20,26;CMP006
ORD001874;CUST0191;PRD001;11.10.2024;1;88,41;No;;88,41;No Campaign
ORD000639;CUST0020;PRD024;28.3.2024;4;79,13;No;;316,52;CMP002
ORD001990;CUST0018;PRD014;29.2.2024;1;19,71;No;;19,71;No Campaign
ORD002141;CUST0189;PRD036;26.8.2024;1;132,58;No;;132,58;CMP006
ORD001774;CUST0223;PRD028;23.7.2024;3;114,4;No;;343,2;No Campaign
ORD001014;CUST0041;PRD021;7.6.2024;3;144,21;Yes;10;389,37;No Campaign
ORD002119;CUST0237;PRD031;19.5.2024;2;50,82;Yes;30;71,15;CMP004
ORD001862;CUST0005;PRD041;26.3.2024;3;116,18;No;;348,54;CMP003
ORD000236;CUST0207;PRD035;29.3.2024;1;105,18;No;;105,18;CMP006
ORD001857;CUST0017;PRD012;3.6.2024;1;67,03;No;;67,03;No Campaign
ORD002111;CUST0092;PRD005;12.11.2024;1;114,73;No;;114,73;No Campaign
ORD001879;CUST0154;PRD040;3.5.2024;2;62,21;No;;124,42;CMP007
ORD000308;CUST0229;PRD048;20.2.2024;1;21,47;No;;21,47;CMP005
ORD001824;CUST0124;PRD011;27.3.2024;1;141,07;No;;141,07;CMP004
ORD001403;CUST0076;PRD049;13.4.2024;1;80,98;No;;80,98;CMP003
ORD000962;CUST0075;PRD010;29.4.2024;1;92,66;Yes;15;78,76;CMP006
ORD001620;CUST0219;PRD016;11.9.2024;1;77,06;Yes;15;65,5;CMP005
ORD001688;CUST0233;PRD044;20.4.2024;1;38,28;No;;38,28;CMP008
ORD001872;CUST0248;PRD007;28.3.2024;1;116,65;No;;116,65;CMP006
ORD002289;CUST0015;PRD039;21.6.2024;1;98,45;Yes;15;83,68;CMP006
ORD002022;CUST0143;PRD052;11.9.2024;1;23,84;Yes;20;19,07;CMP005
ORD001056;CUST0089;PRD016;22.11.2024;3;77,06;Yes;30;161,83;No Campaign
ORD001448;CUST0101;PRD016;16.3.2024;1;77,06;No;;77,06;CMP005
ORD000378;CUST0127;PRD018;30.5.2024;1;84,8;Yes;30;59,36;CMP006
ORD002143;CUST0026;PRD009;21.8.2024;1;82,74;No;;82,74;No Campaign
ORD001966;CUST0066;PRD012;4.12.2024;2;67,03;No;;134,06;No Campaign
ORD001152;CUST0207;PRD010;29.3.2024;1;92,66;No;;92,66;No Campaign
ORD001876;CUST0131;PRD022;19.12.2024;3;36,13;No;;108,39;No Campaign
ORD002275;CUST0171;PRD026;2.7.2024;2;140,08;Yes;15;238,14;CMP002
ORD002129;CUST0149;PRD043;31.7.2024;1;83,38;Yes;20;66,7;No Campaign
ORD000704;CUST0246;PRD010;7.1.2024;2;92,66;No;;185,32;CMP003
ORD001842;CUST0103;PRD017;8.5.2024;2;94,18;No;;188,36;CMP001
ORD000669;CUST0097;PRD054;28.4.2024;3;108,05;Yes;30;226,91;CMP001
ORD000933;CUST0122;PRD012;21.2.2024;1;67,03;No;;67,03;CMP008
ORD002118;CUST0084;PRD007;30.12.2024;3;116,65;No;;349,95;No Campaign
ORD002269;CUST0241;PRD037;22.7.2024;1;44,58;Yes;10;40,12;CMP003
ORD000173;CUST0190;PRD017;4.11.2024;1;94,18;No;;94,18;CMP005
ORD002173;CUST0258;PRD005;23.6.2024;1;114,73;No;;114,73;CMP008
ORD001261;CUST0177;PRD033;6.8.2024;1;102,1;Yes;20;81,68;No Campaign
ORD000482;CUST0056;PRD053;24.1.2024;1;12,65;No;;12,65;CMP006
ORD001867;CUST0164;PRD042;18.8.2024;1;77,36;No;;77,36;CMP008
ORD000386;CUST0089;PRD009;15.9.2024;1;82,74;Yes;25;62,06;No Campaign
ORD002384;CUST0091;PRD025;23.1.2024;1;62,88;No;;62,88;CMP003
ORD000341;CUST0217;PRD043;1.1.2024;1;83,38;Yes;30;58,37;No Campaign
ORD001637;CUST0234;PRD009;7.6.2024;2;82,74;No;;165,48;CMP004
ORD001091;CUST0050;PRD009;21.4.2024;1;82,74;Yes;15;70,33;CMP008
ORD001933;CUST0190;PRD033;26.8.2024;1;102,1;Yes;10;91,89;No Campaign
ORD000522;CUST0117;PRD036;19.1.2024;1;132,58;No;;132,58;CMP002
ORD001861;CUST0003;PRD021;1.5.2024;4;144,21;No;;576,84;CMP004
ORD001964;CUST0081;PRD012;19.2.2024;1;67,03;Yes;25;50,27;CMP003
ORD001657;CUST0064;PRD044;19.2.2024;1;38,28;No;;38,28;CMP006
ORD001613;CUST0099;PRD001;4.9.2024;2;88,41;Yes;30;123,77;No Campaign
ORD000390;CUST0014;PRD053;9.7.2024;1;12,65;Yes;30;8,86;CMP002
ORD001078;CUST0058;PRD004;6.4.2024;1;110,52;No;;110,52;No Campaign
ORD001254;CUST0106;PRD043;6.2.2024;1;83,38;No;;83,38;CMP002
ORD000036;CUST0090;PRD007;25.5.2024;1;116,65;No;;116,65;No Campaign
ORD000623;CUST0054;PRD003;12.3.2024;4;54,5;No;;218;No Campaign
ORD000315;CUST0130;PRD023;30.6.2024;1;26,66;Yes;25;20;CMP003
ORD001032;CUST0003;PRD003;24.12.2024;1;54,5;No;;54,5;No Campaign
ORD001138;CUST0184;PRD012;11.2.2024;1;67,03;No;;67,03;No Campaign
ORD001335;CUST0080;PRD018;31.3.2024;3;84,8;Yes;10;228,96;CMP005
ORD002205;CUST0002;PRD013;27.7.2024;1;46,11;No;;46,11;No Campaign
ORD001326;CUST0023;PRD021;1.3.2024;4;144,21;No;;576,84;CMP003
ORD001557;CUST0234;PRD008;27.5.2024;1;34,35;No;;34,35;No Campaign
ORD000716;CUST0106;PRD043;5.7.2024;1;83,38;No;;83,38;CMP001
ORD001887;CUST0190;PRD004;13.6.2024;1;110,52;No;;110,52;CMP002
ORD002110;CUST0185;PRD015;31.12.2024;1;111,98;No;;111,98;No Campaign
ORD000453;CUST0136;PRD055;11.1.2024;1;146,19;Yes;30;102,33;CMP006
ORD001677;CUST0120;PRD034;29.1.2024;1;97,71;No;;97,71;CMP001
ORD001536;CUST0013;PRD019;15.2.2024;2;105,93;Yes;20;169,49;No Campaign
ORD001213;CUST0156;PRD016;6.9.2024;1;77,06;No;;77,06;No Campaign
ORD000163;CUST0254;PRD001;18.7.2024;1;88,41;No;;88,41;CMP008
ORD001169;CUST0133;PRD054;11.12.2024;1;108,05;Yes;10;97,25;CMP001
ORD000729;CUST0210;PRD031;18.8.2024;2;50,82;No;;101,64;No Campaign
ORD001556;CUST0224;PRD031;27.8.2024;2;50,82;No;;101,64;No Campaign
ORD001396;CUST0060;PRD028;21.10.2024;3;114,4;No;;343,2;CMP001
ORD001400;CUST0138;PRD011;4.9.2024;1;141,07;Yes;25;105,8;No Campaign
ORD000097;CUST0110;PRD017;11.12.2024;3;94,18;No;;282,54;No Campaign
ORD000245;CUST0098;PRD037;8.6.2024;1;44,58;No;;44,58;CMP007
ORD002234;CUST0177;PRD035;5.5.2024;1;105,18;Yes;;105,18;No Campaign
ORD002162;CUST0048;PRD031;9.2.2024;1;50,82;Yes;30;35,57;No Campaign
ORD000527;CUST0065;PRD040;20.5.2024;1;62,21;No;;62,21;CMP002
ORD001779;CUST0085;PRD030;21.4.2024;3;94,16;No;;282,48;No Campaign
ORD001451;CUST0250;PRD035;26.3.2024;4;105,18;Yes;25;315,54;No Campaign
ORD001110;CUST0075;PRD035;18.1.2024;2;105,18;Yes;20;168,29;CMP002
ORD000137;CUST0198;PRD012;23.5.2024;1;67,03;No;;67,03;CMP005
ORD001441;CUST0044;PRD038;20.7.2024;1;73,83;No;;73,83;CMP007
ORD002061;CUST0036;PRD044;21.10.2024;1;38,28;No;;38,28;CMP002
ORD001875;CUST0197;PRD004;13.2.2024;1;110,52;No;;110,52;No Campaign
ORD001909;CUST0127;PRD005;2.4.2024;2;114,73;No;;229,46;No Campaign
ORD001188;CUST0152;PRD036;16.3.2024;1;132,58;No;;132,58;CMP001
ORD001416;CUST0203;PRD039;19.9.2024;1;98,45;No;;98,45;No Campaign
ORD002285;CUST0180;PRD051;8.10.2024;2;103,2;No;;206,4;No Campaign
ORD001786;CUST0121;PRD024;18.1.2024;4;79,13;Yes;20;253,22;No Campaign
ORD000506;CUST0065;PRD009;21.11.2024;1;82,74;Yes;10;74,47;No Campaign
ORD002039;CUST0152;PRD052;13.3.2024;2;23,84;Yes;15;40,53;CMP001
ORD001307;CUST0212;PRD028;22.5.2024;1;114,4;No;;114,4;CMP006
ORD000294;CUST0088;PRD005;20.10.2024;1;114,73;No;;114,73;CMP002
ORD000207;CUST0074;PRD029;16.10.2024;2;124,45;No;;248,9;CMP003
ORD000807;CUST0239;PRD021;5.5.2024;1;144,21;Yes;10;129,79;No Campaign
ORD001257;CUST0102;PRD015;15.11.2024;1;111,98;No;;111,98;No Campaign
ORD001982;CUST0030;PRD053;27.11.2024;1;12,65;Yes;20;10,12;CMP005
ORD000714;CUST0007;PRD047;24.10.2024;1;38,8;No;;38,8;No Campaign
ORD001916;CUST0003;PRD052;8.4.2024;3;23,84;Yes;25;53,64;CMP004
ORD002128;CUST0173;PRD019;8.4.2024;1;105,93;Yes;15;90,04;No Campaign
ORD000883;CUST0008;PRD031;15.2.2024;3;50,82;No;;152,46;No Campaign
ORD001936;CUST0192;PRD025;3.10.2024;3;62,88;Yes;10;169,78;CMP008
ORD000401;CUST0113;PRD011;28.12.2024;1;141,07;Yes;25;105,8;CMP002
ORD000158;CUST0049;PRD034;10.4.2024;2;97,71;Yes;30;136,79;CMP002
ORD001533;CUST0208;PRD053;21.5.2024;1;12,65;Yes;20;10,12;No Campaign
ORD000492;CUST0137;PRD021;29.5.2024;1;144,21;No;;144,21;CMP006
ORD000292;CUST0127;PRD019;29.3.2024;1;105,93;Yes;20;84,74;No Campaign
ORD001884;CUST0214;PRD017;29.1.2024;3;94,18;No;;282,54;No Campaign
ORD001364;CUST0185;PRD008;21.6.2024;2;34,35;No;;68,7;CMP005
ORD001735;CUST0049;PRD016;8.11.2024;2;77,06;No;;154,12;CMP004
ORD000402;CUST0072;PRD015;9.5.2024;1;111,98;No;;111,98;No Campaign
ORD001181;CUST0245;PRD043;27.1.2024;1;83,38;No;;83,38;No Campaign
ORD001411;CUST0207;PRD025;8.5.2024;2;62,88;No;;125,76;CMP006
ORD000180;CUST0036;PRD044;26.1.2024;1;38,28;No;;38,28;No Campaign
ORD000922;CUST0087;PRD019;30.8.2024;1;105,93;Yes;15;90,04;CMP004
ORD001689;CUST0161;PRD012;18.4.2024;1;67,03;No;;67,03;CMP004
ORD000079;CUST0182;PRD002;13.7.2024;1;134,25;Yes;25;100,69;No Campaign
ORD002348;CUST0195;PRD025;21.2.2024;1;62,88;Yes;15;53,45;CMP001
ORD001117;CUST0100;PRD003;15.1.2024;1;54,5;Yes;25;40,88;No Campaign
ORD000695;CUST0048;PRD047;24.5.2024;1;38,8;Yes;30;27,16;CMP007
ORD000818;CUST0043;PRD043;22.11.2024;1;83,38;No;;83,38;CMP001
ORD000712;CUST0228;PRD028;16.10.2024;1;114,4;Yes;15;97,24;CMP007
ORD002398;CUST0115;PRD017;22.5.2024;1;94,18;No;;94,18;CMP004
ORD001047;CUST0066;PRD035;6.9.2024;3;105,18;No;;315,54;No Campaign
ORD000134;CUST0136;PRD011;28.9.2024;3;141,07;No;;423,21;No Campaign
ORD000815;CUST0013;PRD038;19.6.2024;1;73,83;No;;73,83;CMP001
ORD001771;CUST0200;PRD001;30.3.2024;1;88,41;No;;88,41;CMP005
ORD001566;CUST0003;PRD037;11.10.2024;1;44,58;Yes;15;37,89;CMP004
ORD000900;CUST0259;PRD025;3.9.2024;2;62,88;No;;125,76;No Campaign
ORD002203;CUST0009;PRD043;19.4.2024;1;83,38;No;;83,38;CMP005
ORD001030;CUST0002;PRD041;28.6.2024;2;116,18;No;;232,36;CMP008
ORD001340;CUST0146;PRD003;1.10.2024;1;54,5;No;;54,5;No Campaign
ORD000116;CUST0256;PRD031;28.10.2024;4;50,82;No;;203,28;No Campaign
ORD001233;CUST0015;PRD026;22.1.2024;2;140,08;No;;280,16;No Campaign
ORD000597;CUST0049;PRD042;28.7.2024;1;77,36;Yes;25;58,02;CMP008
ORD002024;CUST0071;PRD005;1.3.2024;4;114,73;Yes;30;321,24;No Campaign
ORD001930;CUST0031;PRD031;25.5.2024;3;50,82;Yes;25;114,35;CMP005
ORD001358;CUST0102;PRD037;21.1.2024;4;44,58;No;;178,32;CMP006
ORD000209;CUST0031;PRD009;15.5.2024;1;82,74;Yes;20;66,19;No Campaign
ORD001033;CUST0023;PRD055;12.4.2024;1;146,19;Yes;25;109,64;CMP004
ORD001247;CUST0108;PRD036;16.7.2024;1;132,58;No;;132,58;CMP008
ORD000469;CUST0125;PRD048;12.2.2024;1;21,47;No;;21,47;CMP003
ORD000540;CUST0011;PRD028;24.12.2024;4;114,4;No;;457,6;No Campaign
ORD001540;CUST0132;PRD001;3.9.2024;1;88,41;No;;88,41;No Campaign
ORD000836;CUST0138;PRD028;8.6.2024;2;114,4;No;;228,8;No Campaign
ORD001941;CUST0156;PRD044;17.6.2024;3;38,28;No;;114,84;CMP005
ORD000240;CUST0222;PRD033;27.7.2024;1;102,1;Yes;15;86,79;No Campaign
ORD001578;CUST0137;PRD036;13.3.2024;2;132,58;Yes;20;212,13;CMP005
ORD000689;CUST0142;PRD055;24.12.2024;1;146,19;Yes;25;109,64;No Campaign
ORD000242;CUST0028;PRD042;17.1.2024;1;77,36;Yes;15;65,76;CMP007
ORD000264;CUST0139;PRD031;26.4.2024;4;50,82;No;;203,28;No Campaign
ORD001939;CUST0233;PRD053;11.3.2024;1;12,65;No;;12,65;CMP003
ORD001962;CUST0114;PRD045;17.7.2024;1;12,65;No;;12,65;CMP004
ORD002251;CUST0210;PRD040;5.8.2024;2;62,21;No;;124,42;CMP004
ORD002232;CUST0083;PRD009;21.7.2024;1;82,74;No;;82,74;No Campaign
ORD001345;CUST0054;PRD034;22.11.2024;4;97,71;No;;390,84;No Campaign
ORD000178;CUST0107;PRD044;25.6.2024;1;38,28;No;;38,28;No Campaign
ORD000937;CUST0008;PRD009;8.4.2024;3;82,74;No;;248,22;No Campaign
ORD000307;CUST0206;PRD037;12.2.2024;2;44,58;No;;89,16;CMP001
ORD001013;CUST0246;PRD002;29.2.2024;1;134,25;No;;134,25;No Campaign
ORD001226;CUST0066;PRD033;26.7.2024;1;102,1;Yes;15;86,79;No Campaign
ORD000083;CUST0077;PRD028;9.1.2024;4;114,4;No;;457,6;CMP001
ORD002207;CUST0126;PRD032;3.10.2024;3;96,29;Yes;30;202,21;CMP003
ORD000086;CUST0110;PRD046;13.5.2024;1;74,72;Yes;15;63,51;No Campaign
ORD001728;CUST0083;PRD042;30.1.2024;1;77,36;No;;77,36;No Campaign
ORD000154;CUST0247;PRD013;26.12.2024;1;46,11;No;;46,11;CMP008
ORD001179;CUST0101;PRD003;19.8.2024;1;54,5;No;;54,5;CMP007
ORD001430;CUST0137;PRD036;18.11.2024;1;132,58;Yes;25;99,44;CMP008
ORD001934;CUST0199;PRD017;8.5.2024;1;94,18;No;;94,18;CMP003
ORD002174;CUST0009;PRD013;10.5.2024;3;46,11;No;;138,33;No Campaign
ORD000523;CUST0110;PRD005;11.5.2024;3;114,73;Yes;20;275,35;CMP006
ORD001442;CUST0002;PRD036;23.1.2024;1;132,58;No;;132,58;CMP002
ORD001750;CUST0231;PRD013;16.1.2024;1;46,11;No;;46,11;CMP001
ORD001406;CUST0139;PRD013;25.11.2024;4;46,11;Yes;20;147,55;CMP008
ORD000824;CUST0116;PRD050;19.12.2024;1;31,99;Yes;25;23,99;No Campaign
ORD002044;CUST0015;PRD055;26.5.2024;1;146,19;Yes;15;124,26;No Campaign
ORD000620;CUST0227;PRD037;2.10.2024;1;44,58;Yes;25;33,44;CMP003
ORD001008;CUST0113;PRD052;17.11.2024;4;23,84;Yes;10;85,82;No Campaign
ORD000711;CUST0244;PRD018;13.4.2024;1;84,8;No;;84,8;No Campaign
ORD001818;CUST0166;PRD028;24.5.2024;2;114,4;Yes;10;205,92;No Campaign
ORD000739;CUST0104;PRD028;8.4.2024;2;114,4;No;;228,8;No Campaign
ORD001502;CUST0135;PRD026;6.9.2024;2;140,08;No;;280,16;No Campaign
ORD001054;CUST0250;PRD001;17.8.2024;1;88,41;No;;88,41;No Campaign
ORD001460;CUST0082;PRD043;23.12.2024;1;83,38;Yes;25;62,54;CMP007
ORD000967;CUST0069;PRD003;26.10.2024;2;54,5;Yes;25;81,75;CMP002
ORD000524;CUST0175;PRD027;6.11.2024;1;89,36;Yes;25;67,02;CMP003
ORD000907;CUST0179;PRD053;28.1.2024;2;12,65;No;;25,3;CMP004
ORD002349;CUST0171;PRD042;25.7.2024;1;77,36;No;;77,36;No Campaign
ORD001723;CUST0240;PRD030;26.12.2024;1;94,16;No;;94,16;CMP008
ORD000286;CUST0009;PRD036;28.4.2024;1;132,58;No;;132,58;CMP008
ORD000779;CUST0214;PRD038;7.4.2024;1;73,83;Yes;15;62,76;No Campaign
ORD000376;CUST0168;PRD019;4.9.2024;1;105,93;Yes;25;79,45;CMP001
ORD000842;CUST0059;PRD002;20.4.2024;2;134,25;No;;268,5;No Campaign
ORD000299;CUST0036;PRD007;17.3.2024;1;116,65;No;;116,65;CMP001
ORD000827;CUST0038;PRD049;19.11.2024;1;80,98;No;;80,98;No Campaign
ORD001273;CUST0172;PRD017;21.5.2024;3;94,18;No;;282,54;No Campaign
ORD000306;CUST0186;PRD044;13.6.2024;1;38,28;No;;38,28;CMP002
ORD001044;CUST0028;PRD025;15.5.2024;2;62,88;No;;125,76;CMP002
ORD000044;CUST0110;PRD035;28.1.2024;1;105,18;No;;105,18;No Campaign
ORD002170;CUST0182;PRD038;22.4.2024;2;73,83;No;;147,66;CMP001
ORD002021;CUST0121;PRD053;11.8.2024;3;12,65;Yes;20;30,36;CMP006
ORD001570;CUST0169;PRD007;18.9.2024;2;116,65;No;;233,3;CMP004
ORD001068;CUST0135;PRD023;13.1.2024;2;26,66;No;;53,32;CMP007
ORD001650;CUST0179;PRD024;4.10.2024;3;79,13;No;;237,39;No Campaign
ORD001580;CUST0040;PRD032;5.1.2024;1;96,29;Yes;10;86,66;CMP002
ORD002400;CUST0245;PRD040;1.5.2024;2;62,21;Yes;10;111,98;CMP007
ORD002310;CUST0221;PRD044;12.12.2024;1;38,28;No;;38,28;No Campaign
ORD001957;CUST0043;PRD026;21.12.2024;1;140,08;Yes;20;112,06;CMP001
ORD001624;CUST0022;PRD038;27.10.2024;3;73,83;No;;221,49;No Campaign
ORD000657;CUST0232;PRD037;3.1.2024;2;44,58;No;;89,16;No Campaign
ORD001251;CUST0146;PRD015;31.5.2024;1;111,98;No;;111,98;CMP004
ORD000699;CUST0024;PRD027;23.11.2024;2;89,36;No;;178,72;CMP002
ORD000034;CUST0138;PRD049;30.11.2024;2;80,98;No;;161,96;No Campaign
ORD000686;CUST0177;PRD004;14.8.2024;1;110,52;Yes;10;99,47;CMP004
ORD000001;CUST0126;PRD023;10.10.2024;1;26,66;Yes;10;23,99;No Campaign
ORD001160;CUST0036;PRD003;24.8.2024;1;54,5;No;;54,5;CMP002
ORD001490;CUST0067;PRD029;8.2.2024;4;124,45;No;;497,8;No Campaign
ORD002369;CUST0235;PRD010;5.11.2024;4;92,66;No;;370,64;No Campaign
ORD002274;CUST0177;PRD038;11.1.2024;1;73,83;No;;73,83;CMP004
ORD001215;CUST0254;PRD054;22.11.2024;1;108,05;No;;108,05;No Campaign
ORD001764;CUST0245;PRD053;10.5.2024;1;12,65;No;;12,65;CMP008
ORD000023;CUST0160;PRD016;26.7.2024;3;77,06;No;;231,18;No Campaign
ORD000244;CUST0175;PRD014;9.9.2024;2;19,71;Yes;30;27,59;No Campaign
ORD002315;CUST0050;PRD055;30.4.2024;1;146,19;Yes;10;131,57;No Campaign
ORD000886;CUST0105;PRD040;18.9.2024;3;62,21;Yes;25;139,97;CMP006
ORD000945;CUST0116;PRD009;2.3.2024;3;82,74;Yes;15;210,99;CMP005
ORD001073;CUST0089;PRD029;9.12.2024;1;124,45;No;;124,45;No Campaign
ORD002071;CUST0045;PRD030;23.4.2024;2;94,16;No;;188,32;No Campaign
ORD001420;CUST0231;PRD012;19.10.2024;2;67,03;No;;134,06;CMP003
ORD001357;CUST0187;PRD027;21.9.2024;1;89,36;No;;89,36;No Campaign
ORD001492;CUST0241;PRD040;28.12.2024;3;62,21;Yes;20;149,3;CMP005
ORD000854;CUST0126;PRD014;27.9.2024;4;19,71;No;;78,84;CMP008
ORD001978;CUST0125;PRD031;22.1.2024;2;50,82;No;;101,64;CMP006
ORD001747;CUST0097;PRD013;3.11.2024;1;46,11;No;;46,11;No Campaign
ORD000983;CUST0072;PRD039;19.1.2024;1;98,45;No;;98,45;CMP001
ORD002029;CUST0155;PRD007;4.7.2024;2;116,65;No;;233,3;CMP007
ORD002040;CUST0193;PRD055;12.9.2024;2;146,19;No;;292,38;No Campaign
ORD002210;CUST0143;PRD005;18.1.2024;1;114,73;No;;114,73;No Campaign
ORD001399;CUST0115;PRD005;23.8.2024;4;114,73;No;;458,92;CMP005
ORD001895;CUST0207;PRD016;11.6.2024;1;77,06;Yes;10;69,35;CMP007
ORD001089;CUST0031;PRD049;22.12.2024;4;80,98;No;;323,92;CMP001
ORD000929;CUST0163;PRD004;12.10.2024;1;110,52;No;;110,52;No Campaign
ORD000860;CUST0107;PRD033;24.5.2024;1;102,1;No;;102,1;CMP005
ORD001694;CUST0111;PRD024;9.5.2024;3;79,13;No;;237,39;CMP004
ORD001228;CUST0134;PRD053;18.12.2024;3;12,65;No;;37,95;No Campaign
ORD001849;CUST0032;PRD008;16.1.2024;2;34,35;Yes;30;48,09;CMP003
ORD001707;CUST0188;PRD048;6.3.2024;3;21,47;No;;64,41;No Campaign
ORD000997;CUST0060;PRD044;4.4.2024;1;38,28;No;;38,28;CMP002
ORD000145;CUST0104;PRD046;16.5.2024;2;74,72;Yes;25;112,08;No Campaign
ORD002363;CUST0135;PRD017;24.4.2024;1;94,18;No;;94,18;No Campaign
ORD001249;CUST0026;PRD017;3.3.2024;3;94,18;Yes;20;226,03;CMP006
ORD001522;CUST0162;PRD051;10.6.2024;1;103,2;No;;103,2;No Campaign
ORD002218;CUST0163;PRD037;14.9.2024;1;44,58;No;;44,58;No Campaign
ORD001684;CUST0118;PRD017;31.8.2024;2;94,18;Yes;10;169,52;CMP005
ORD000355;CUST0085;PRD009;28.12.2024;1;82,74;Yes;10;74,47;No Campaign
ORD000414;CUST0087;PRD003;10.3.2024;1;54,5;No;;54,5;CMP003
ORD000963;CUST0024;PRD043;27.1.2024;1;83,38;No;;83,38;CMP005
ORD000231;CUST0030;PRD055;10.8.2024;1;146,19;Yes;10;131,57;CMP007
ORD001525;CUST0014;PRD007;26.9.2024;4;116,65;Yes;30;326,62;No Campaign
ORD000241;CUST0231;PRD014;11.1.2024;1;19,71;Yes;25;14,78;No Campaign
ORD001651;CUST0213;PRD011;10.10.2024;1;141,07;Yes;15;119,91;No Campaign
ORD002254;CUST0017;PRD037;17.6.2024;1;44,58;No;;44,58;CMP004
ORD001006;CUST0215;PRD027;12.11.2024;3;89,36;Yes;15;227,87;CMP004
ORD000291;CUST0168;PRD041;1.9.2024;3;116,18;Yes;30;243,98;CMP007
ORD000002;CUST0244;PRD029;11.8.2024;2;124,45;No;;248,9;CMP004
ORD001985;CUST0058;PRD003;3.9.2024;1;54,5;Yes;25;40,88;No Campaign
ORD000329;CUST0155;PRD031;31.8.2024;2;50,82;No;;101,64;CMP001
ORD002371;CUST0054;PRD026;17.3.2024;1;140,08;No;;140,08;CMP004
ORD000927;CUST0010;PRD009;22.7.2024;1;82,74;Yes;10;74,47;CMP004
ORD001561;CUST0109;PRD027;22.1.2024;1;89,36;No;;89,36;No Campaign
ORD000262;CUST0004;PRD009;3.5.2024;2;82,74;Yes;20;132,38;No Campaign
ORD000389;CUST0217;PRD023;4.2.2024;1;26,66;No;;26,66;CMP001
ORD002193;CUST0067;PRD017;6.4.2024;1;94,18;No;;94,18;No Campaign
ORD000843;CUST0161;PRD015;20.11.2024;1;111,98;Yes;15;95,18;CMP005
ORD000641;CUST0148;PRD033;23.4.2024;2;102,1;No;;204,2;CMP002
ORD002235;CUST0135;PRD015;22.12.2024;1;111,98;Yes;30;78,39;CMP006
ORD001077;CUST0079;PRD003;21.6.2024;4;54,5;No;;218;CMP006
ORD002294;CUST0087;PRD013;3.6.2024;1;46,11;No;;46,11;No Campaign
ORD000435;CUST0036;PRD044;8.10.2024;1;38,28;No;;38,28;CMP002
ORD002231;CUST0159;PRD021;17.8.2024;2;144,21;No;;288,42;CMP004
ORD002043;CUST0034;PRD013;2.7.2024;1;46,11;No;;46,11;No Campaign
ORD002107;CUST0089;PRD038;4.6.2024;2;73,83;Yes;15;125,51;CMP003
ORD000444;CUST0168;PRD040;17.4.2024;1;62,21;No;;62,21;CMP003
ORD000960;CUST0178;PRD036;5.9.2024;1;132,58;Yes;30;92,81;No Campaign
ORD002098;CUST0034;PRD001;14.11.2024;1;88,41;Yes;10;79,57;CMP002
ORD001337;CUST0128;PRD026;7.3.2024;2;140,08;No;;280,16;CMP002
ORD001511;CUST0212;PRD034;8.6.2024;2;97,71;Yes;20;156,34;No Campaign
ORD000396;CUST0101;PRD016;30.11.2024;1;77,06;Yes;10;69,35;No Campaign
ORD002178;CUST0175;PRD018;15.4.2024;1;84,8;No;;84,8;CMP008
ORD002263;CUST0236;PRD002;26.3.2024;1;134,25;No;;134,25;No Campaign
ORD002323;CUST0076;PRD017;9.12.2024;2;94,18;Yes;10;169,52;No Campaign
ORD001037;CUST0138;PRD027;28.8.2024;1;89,36;No;;89,36;CMP002
ORD002283;CUST0120;PRD031;17.1.2024;4;50,82;No;;203,28;No Campaign
ORD000831;CUST0220;PRD005;5.5.2024;2;114,73;No;;229,46;CMP007
ORD000953;CUST0092;PRD048;6.9.2024;1;21,47;No;;21,47;CMP001
ORD000239;CUST0005;PRD023;26.3.2024;1;26,66;No;;26,66;CMP008
ORD000957;CUST0201;PRD028;28.8.2024;2;114,4;Yes;15;194,48;No Campaign
ORD002396;CUST0056;PRD050;13.2.2024;1;31,99;No;;31,99;CMP001
ORD001654;CUST0200;PRD014;29.12.2024;1;19,71;No;;19,71;No Campaign
ORD002290;CUST0057;PRD027;23.9.2024;2;89,36;No;;178,72;No Campaign
ORD001321;CUST0214;PRD043;15.11.2024;3;83,38;Yes;10;225,13;CMP001
ORD000437;CUST0131;PRD021;21.3.2024;2;144,21;No;;288,42;CMP005
ORD001559;CUST0259;PRD039;27.11.2024;1;98,45;No;;98,45;CMP004
ORD000578;CUST0067;PRD008;12.4.2024;1;34,35;Yes;10;30,92;CMP002
ORD001150;CUST0230;PRD024;23.2.2024;2;79,13;Yes;15;134,52;CMP005
ORD000919;CUST0226;PRD001;3.6.2024;1;88,41;Yes;20;70,73;CMP005
ORD001788;CUST0178;PRD013;2.3.2024;2;46,11;No;;92,22;No Campaign
ORD002105;CUST0016;PRD003;17.5.2024;1;54,5;Yes;10;49,05;CMP003
ORD000502;CUST0105;PRD037;3.3.2024;3;44,58;Yes;20;106,99;CMP003
ORD000349;CUST0024;PRD042;21.9.2024;1;77,36;No;;77,36;No Campaign
ORD000383;CUST0154;PRD004;3.1.2024;3;110,52;No;;331,56;No Campaign
